{"type":"FeatureCollection","features":[{"type":"Feature","properties":{"ID_0":105,"ISO":"IND","NAME_0":"India","ID_1":1,"NAME_1":"Andaman and Nicobar","VARNAME_1":"Andaman & Nicobar Islands|Andaman et Nicobar|Iihas de Andama e Nicobar|Inseln Andamanen und Nikobare","TYPE_1":"Union Territor","ENGTYPE_1":"Union Territory"},"geometry":{"type":"MultiPolygon","coordinates":[[[[93.84805297851591,7.240280151367472],[93.947807312012,6.998874187469653],[93.82831573486334,6.754255771636963],[93.65556335449224,7.125280857086238],[93.84805297851591,7.240280151367472]]],[[[93.71305847167986,7.443611145019815],[93.75574493408232,7.359842777252481],[93.64833068847685,7.242499828338737],[93.6324996948245,7.37055492401123],[93.71305847167986,7.443611145019815]]],[[[93.37999725341825,8.02472209930437],[93.46166992187517,7.872221946716252],[93.31722259521513,7.933610916137923],[93.37999725341825,8.02472209930437]]],[[[93.54728698730463,8.028052330017033],[93.5774993896485,7.928332805633545],[93.50723266601557,7.984721183776855],[93.54728698730463,8.028052330017033]]],[[[93.52648925781278,8.231270790100098],[93.50083160400396,7.997219085693644],[93.4538879394533,8.173610687256087],[93.52648925781278,8.231270790100098]]],[[[93.12627410888678,8.355863571167106],[93.19944763183611,8.193890571594522],[93.08721923828153,8.26944446563732],[93.12627410888678,8.355863571167106]]],[[[92.7877807617187,9.2441663742066],[92.83055114746111,9.138694763183707],[92.73166656494169,9.124377250671614],[92.7877807617187,9.2441663742066]]],[[[92.51583099365251,10.8976411819458],[92.5877075195312,10.786945343017521],[92.56944274902361,10.578889846801985],[92.51305389404303,10.511667251586857],[92.38527679443371,10.532221794128475],[92.37611389160162,10.78166675567627],[92.51583099365251,10.8976411819458]]],[[[92.64145660400419,11.51014041900629],[92.6908721923831,11.370340347290153],[92.60029602050776,11.34652137756342],[92.64145660400419,11.51014041900629]]],[[[92.969535827637,12.03367996215843],[93.04267120361328,11.882261276245117],[92.92553710937517,11.995789527893066],[92.969535827637,12.03367996215843]]],[[[93.02777862548845,12.156941413879622],[93.04552459716814,12.045370101928768],[92.95560455322294,12.142191886901912],[93.02777862548845,12.156941413879622]]],[[[92.70086669921892,12.235609054565543],[92.78360748291033,12.046939849853459],[92.68007659912126,11.81857967376709],[92.78855133056635,11.90121936798107],[92.75507354736334,11.701055526733398],[92.66620635986334,11.653901100158748],[92.75665283203153,11.665070533752441],[92.71128082275419,11.477317810058537],[92.51351928710938,11.848000526428223],[92.5624008178711,11.94647407531744],[92.6110458374024,11.871259689331112],[92.70086669921892,12.235609054565543]]],[[[92.77657318115251,12.310280799865666],[92.8893127441408,12.265941619873047],[92.76467895507841,12.063320159912223],[92.77657318115251,12.310280799865666]]],[[[92.8988876342774,12.915830612182617],[92.96842193603516,12.496668815612736],[92.91452789306646,12.405893325805664],[92.7910995483399,12.469721794128475],[92.89511871337919,12.320344924926815],[92.72043609619169,12.300310134887752],[92.68448638916021,12.608140945434798],[92.78864288330084,12.674480438232592],[92.73288726806658,12.674410820007438],[92.72391510009783,12.827083587646484],[92.8988876342774,12.915830612182617]]],[[[92.69565582275385,12.991958618164233],[92.66815948486357,12.782571792602482],[92.62988281250017,12.882731437683049],[92.69565582275385,12.991958618164233]]],[[[93.02944183349604,13.573333740234375],[93.02828979492216,13.373181343078613],[93.09059143066412,13.335932731628588],[92.95053863525408,13.34390068054222],[93.06667327880876,13.272500038147086],[93.03488159179693,13.0809907913208],[92.97461700439459,13.012861251831168],[92.89430999755865,13.056530952453556],[92.93852233886736,12.971276283264388],[92.84171295166044,12.876629829406852],[92.78833007812528,13.019171714782829],[92.84306335449247,13.402221679687443],[93.02944183349604,13.573333740234375]]]]}},{"type":"Feature","properties":{"ID_0":105,"ISO":"IND","NAME_0":"India","ID_1":2,"NAME_1":"Andhra Pradesh","TYPE_1":"State","ENGTYPE_1":"State"},"geometry":{"type":"MultiPolygon","coordinates":[[[[82.33207702636713,16.72486114501953],[82.31069183349638,16.602359771728572],[82.2587509155274,16.690111160278434],[82.33207702636713,16.72486114501953]]],[[[82.29951477050798,16.71433258056635],[82.17463684082037,16.72510910034174],[82.30986022949224,16.56764030456543],[81.94458007812506,16.39513969421398],[81.72041320800781,16.31014060974121],[81.36513519287115,16.359859466552905],[80.96680450439447,15.731805801391829],[80.82208251953142,15.712916374206543],[80.80541992187528,15.842639923095703],[80.68681335449219,15.882640838623217],[80.27041625976591,15.673195838928223],[80.07986450195341,15.315973281860352],[80.04792022705084,15.077349662780762],[80.0593032836914,14.819860458374137],[80.19902801513678,14.587082862853947],[80.12208557128923,14.114583969116211],[80.31513977050787,13.43375110626232],[80.14708709716797,13.724310874939079],[80.13847351074236,13.612915992737044],[80.10679626464844,13.709309577941951],[80.05095672607422,13.588191986084212],[80.31212615966803,13.369380950927734],[80.23033142089872,13.476849555969295],[80.00771331787115,13.53237247467041],[79.92550659179693,13.33594036102295],[79.72129058837919,13.272239685058821],[79.74437713623041,13.194911003112907],[79.66853332519531,13.281930923461914],[79.5802612304688,13.245370864868221],[79.42887878417997,13.32356166839611],[79.37460327148455,13.303039550781193],[79.42378997802751,13.187460899353027],[79.3079376220706,13.09691143035883],[79.21832275390653,13.135551452636832],[79.15270233154325,13.007292747497615],[78.97959136962908,13.076510429382267],[78.92463684082048,13.01864147186285],[78.8760375976563,13.086159706115836],[78.70244598388689,13.056151390075797],[78.61366271972685,12.978890419006404],[78.54767608642607,12.685590744018555],[78.48435211181669,12.734781265258846],[78.45478057861357,12.612019538879451],[78.36833953857428,12.611840248107853],[78.18984985351591,12.68130970001232],[78.24109649658209,12.847420692443848],[78.34542846679693,12.928060531616211],[78.45423889160185,12.853161811828727],[78.42265319824219,12.968600273132324],[78.57746887207026,13.262049674987907],[78.36699676513678,13.320039749145621],[78.39076232910173,13.57810020446783],[78.18327331542986,13.556380271911678],[78.15576171875,13.648710250854549],[78.08072662353521,13.635340690612907],[78.1060409545899,13.853541374206657],[77.94458007812528,13.81997108459467],[77.97857666015625,13.947650909423828],[77.81829071044933,13.934881210327092],[77.70874786376959,13.732739448547363],[77.64908599853521,13.77583980560297],[77.44975280761724,13.675790786743164],[77.42453002929705,13.83512973785406],[77.17880249023432,13.859840393066406],[77.17703247070324,13.91740036010765],[77.1665802001956,13.754669189453239],[76.99259185791027,13.742550849914664],[77.03584289550787,13.925591468811149],[76.89142608642595,14.1589994430542],[77.01982879638678,14.172701835632324],[77.02369689941435,14.05325889587408],[77.14733886718744,13.991621971130371],[77.31349182128923,14.024820327758732],[77.39705657959001,13.880540847778548],[77.4306411743164,13.968779563904036],[77.32618713378918,14.022939682006893],[77.39544677734403,14.10344123840332],[77.34773254394537,14.12434101104742],[77.50044250488298,14.150960922241325],[77.49936676025396,14.260510444641113],[77.38565826416021,14.324870109558049],[77.38378906250011,14.191821098327694],[77.28114318847662,14.331110954284782],[77.15215301513689,14.337740898132381],[77.10507965087896,14.213281631469727],[76.93784332275396,14.240120887756461],[76.88314056396513,14.390291213989258],[76.97339630126953,14.478281021118221],[76.87020111083979,14.468440055847282],[76.76091003417963,14.596281051635799],[76.86547851562517,14.937600135803336],[76.76377105712885,14.969869613647461],[76.77082061767572,15.058288574218807],[77.07881927490263,15.000009536743278],[77.15403747558611,15.120520591735783],[77.16414642334001,15.259070396423397],[76.97039031982439,15.490921974182243],[77.02928161621094,15.63383865356451],[77.12092590332037,15.637201309204329],[77.02227020263689,15.831780433654899],[77.06595611572266,15.899311065673885],[77.50945281982428,15.920860290527287],[77.48755645751964,16.249820709228516],[77.59160614013689,16.33751106262207],[77.23517608642584,16.468080520629996],[77.46417236328142,16.584209442138672],[77.41657257080084,16.66281127929699],[77.49938964843778,17.00732040405279],[77.38035583496105,17.219770431518555],[77.51014709472673,17.42725944519043],[77.68696594238298,17.491569519042912],[77.43992614746088,17.581470489502067],[77.65339660644548,17.969352722167912],[77.54574584960966,18.053760528564396],[77.60301971435547,18.277999877929688],[77.52848052978533,18.440481185913086],[77.59726715087919,18.54754066467285],[77.7365112304687,18.554809570312557],[77.83746337890642,18.807460784912337],[77.94255065917986,18.822290420532454],[77.75739288330084,19.028551101684513],[77.84813690185564,19.090080261230582],[77.8608779907226,19.302129745483512],[77.94892120361334,19.341279983520735],[78.1700592041015,19.236330032348633],[78.18216705322271,19.411769866943473],[78.308891296387,19.456409454345817],[78.26972198486334,19.66312980651861],[78.3677368164063,19.781080245971793],[78.31019592285168,19.91274070739746],[78.49391937255854,19.793149948120117],[78.84562683105497,19.758350372314396],[78.8588027954101,19.656311035156307],[78.9689559936524,19.649232864379883],[78.95455169677729,19.551830291748047],[79.17778778076178,19.460691452026367],[79.24386596679716,19.612552642822493],[79.4704208374024,19.49745178222662],[79.81109619140653,19.57384109497076],[79.97305297851591,19.401020050049055],[79.94320678710943,19.170600891113224],[79.85804748535185,19.104110717773438],[79.93448638916027,19.02169990539545],[79.90909576416021,18.80669021606468],[80.11081695556658,18.676189422607422],[80.26753997802763,18.71796989440918],[80.34184265136724,18.586441040039062],[80.48346710205107,18.628120422363395],[80.63268280029314,18.518840789794922],[80.7881164550783,18.25403976440424],[80.7345581054688,18.17171287536621],[80.82958984375006,18.23411941528326],[80.8620223999024,18.132669448852482],[80.97367858886719,18.168149948120174],[81.04522705078142,17.783990859985465],[81.15956878662115,17.852630615234318],[81.61115264892595,17.81536293029785],[82.02465820312517,18.057880401611385],[82.26107788085949,17.98240089416504],[82.36429595947294,18.134859085083065],[82.30609893798857,18.195659637451115],[82.39301300048834,18.306440353393782],[82.33444213867193,18.3171329498291],[82.36128997802751,18.40991020202631],[82.47400665283203,18.5368328094483],[82.62687683105474,18.22874069213873],[82.79917144775419,18.439401626586914],[82.90274810791044,18.35591125488287],[83.0533905029298,18.375299453735295],[83.01541137695318,18.444429397583065],[83.08933258056658,18.537910461425895],[83.00968170166021,18.63652992248541],[83.13295745849638,18.772449493408146],[83.20506286621122,18.715860366821516],[83.3963012695313,18.83070945739746],[83.30526733398455,18.989681243896598],[83.45548248291044,18.945579528808594],[83.45939636230474,19.06967163085949],[83.53138732910185,19.00542068481451],[83.62328338623053,19.15363121032715],[83.7458267211914,18.918172836303825],[83.78830718994169,19.00781059265148],[83.87017822265625,18.818429946899414],[84.08177947998053,18.744640350341797],[84.31249237060547,18.779190063476676],[84.42938995361357,18.913682937622184],[84.41513061523455,19.013860702514705],[84.56613922119169,19.065038681030387],[84.59011840820318,19.013380050659293],[84.66458892822266,19.06629180908203],[84.59184265136724,19.123840332031364],[84.7052230834961,19.149009704589957],[84.7462463378908,19.04847145080572],[84.12458038330107,18.309305191039982],[83.57263946533203,18.0181941986084],[83.21347045898432,17.590972900390625],[82.36846160888683,17.11874961853033],[82.24903106689459,16.930419921874943],[82.3543090820313,16.851528167724723],[82.35791778564459,16.963752746582315],[82.29951477050798,16.71433258056635]]]]}},{"type":"Feature","properties":{"ID_0":105,"ISO":"IND","NAME_0":"India","ID_1":3,"NAME_1":"Arunachal Pradesh","VARNAME_1":"Agence de la Frontire du Nord-Est(French-obsolete)|North East Frontier Agency","TYPE_1":"State","ENGTYPE_1":"State"},"geometry":{"type":"Polygon","coordinates":[[[96.1577758789063,29.383100509643555],[96.24356842041033,29.235122680664006],[96.39280700683605,29.256500244140625],[96.11450195312506,29.077602386474666],[96.1665267944336,28.905929565429688],[96.525199890137,29.07928085327154],[96.47740173339861,28.99403953552246],[96.61599731445341,28.77857971191412],[96.26377105712908,28.413379669189453],[96.39940643310564,28.344499588012695],[96.66456604003912,28.46577072143583],[96.99649810791044,28.316230773925838],[97.09256744384771,28.36969184875494],[97.40056610107439,28.200500488281307],[97.30774688720709,28.077100753784464],[97.41516113281278,28.024080276489315],[97.38902282714855,27.89637947082548],[97.25647735595732,27.909530639648438],[96.89758300781267,27.620801925659407],[96.91184997558588,27.462709426879883],[97.14643096923857,27.102840423583984],[96.86622619628935,27.19968986511242],[96.80236053466825,27.354431152343864],[96.62048339843756,27.37281990051281],[96.52233123779325,27.293970108032454],[96.09902191162115,27.231409072876204],[95.73081207275419,26.887491226196346],[95.5327758789063,26.831209182739258],[95.42330932617199,26.696712493896598],[95.23763275146501,26.686290740966797],[95.1955184936524,27.042949676513672],[95.45778656005865,27.135641098022575],[95.51618194580084,27.268630981445426],[95.89396667480469,27.26301193237299],[96.02091217041044,27.371259689331225],[95.84934234619146,27.43032073974615],[95.88133239746094,27.55323028564453],[95.75821685791021,27.731109619140682],[95.97746276855469,27.968500137329045],[95.60674285888678,27.95776939392107],[94.45973968505888,27.557710647583008],[94.25222778320341,27.640930175781364],[94.25972747802751,27.52349090576172],[93.80858612060575,27.15175056457548],[93.8350219726563,27.074991226196346],[93.48935699462908,26.93852996826189],[93.01937103271501,26.916830062866325],[92.65892791748053,27.03852081298851],[92.58521270751982,26.961862564086914],[92.10788726806646,26.89381980895996],[92.02337646484392,27.162334442138672],[92.03959655761719,27.26667213439947],[92.12061309814453,27.287570953369254],[92.01876068115234,27.47974586486839],[91.65323638916027,27.48298072814964],[91.56200408935553,27.584209442138615],[91.64002227783209,27.757991790771484],[91.55252075195318,27.858572006225586],[91.82421112060547,27.810350418090934],[91.91876220703153,27.715101242065373],[92.21039581298857,27.85898971557623],[92.31595611572283,27.778240203857592],[92.56069183349615,27.82104110717779],[92.73948669433622,27.98941040039091],[92.68698883056646,28.12579917907715],[93.21897888183605,28.333730697631893],[93.18266296386736,28.439990997314567],[93.33690643310541,28.640159606933707],[93.92613220214861,28.67180061340332],[94.21469116210938,29.08408927917486],[94.55789947509771,29.228910446167106],[94.62815856933622,29.348590850830135],[94.79798889160173,29.164609909057845],[95.41013336181646,29.034120559692496],[95.54680633544939,29.128650665283203],[95.53771972656256,29.21400070190441],[95.77762603759771,29.356399536132926],[96.08053588867193,29.46334457397461],[96.1577758789063,29.383100509643555]]]}},{"type":"Feature","properties":{"ID_0":105,"ISO":"IND","NAME_0":"India","ID_1":4,"NAME_1":"Assam","TYPE_1":"State","ENGTYPE_1":"State"},"geometry":{"type":"MultiPolygon","coordinates":[[[[95.95231628417986,27.94184112548851],[95.75871276855486,27.726680755615348],[95.88133239746094,27.55323028564453],[95.84934234619146,27.43032073974615],[96.01835632324224,27.367900848388956],[95.89396667480469,27.26301193237299],[95.51088714599638,27.26626968383789],[95.45778656005865,27.135641098022575],[95.02134704589861,26.925399780273494],[94.89447021484375,26.93733024597168],[94.7563705444336,26.7722682952882],[94.46794128417997,26.669820785522575],[94.31651306152372,26.462930679321516],[94.27674102783209,26.558839797973633],[94.0048065185548,26.17327117919922],[93.97939300537115,25.919679641723633],[93.79576110839855,25.814350128173942],[93.77301788330084,25.966020584106445],[93.3317413330081,25.546810150146484],[93.46186828613298,25.4346981048584],[93.47402191162138,25.309280395507812],[93.24884033203142,25.018800735473633],[93.19735717773438,24.811260223388786],[93.10978698730486,24.809740066528263],[93.03916931152338,24.411130905151424],[92.82898712158197,24.37776947021507],[92.7651977539063,24.520849227905387],[92.4668273925783,24.13504028320324],[92.42237854003923,24.253110885620117],[92.21285247802746,24.24930953979515],[92.29827117919928,24.73655128479004],[92.24051666259777,24.89919090271019],[92.49179840087908,24.874021530151595],[92.423637390137,24.996099472045955],[92.48429870605497,25.10806083679205],[92.80442047119158,25.21932983398449],[92.78437042236328,25.332538604736442],[92.56741333007818,25.46747016906744],[92.65345764160168,25.592180252075195],[92.57250213623064,25.56042098999046],[92.38510131835966,25.75356292724615],[92.16069793701189,25.671859741210938],[92.22547912597685,25.907049179077205],[92.15631866455095,25.944799423218],[92.29731750488287,26.079149246215877],[91.92209625244158,25.999530792236442],[91.81931304931646,26.118740081787223],[91.66931152343744,25.90538978576666],[91.57583618164091,26.03310966491722],[91.47476196289057,25.87123107910179],[91.52540588378912,25.872890472412223],[91.3335571289063,25.83884048461914],[91.22387695312506,25.723419189453182],[91.19647979736322,25.859010696411133],[91.00078582763666,25.82225036621105],[91.02922058105469,25.888048171997127],[90.94274902343761,25.947570800781364],[90.624809265137,25.89889907836914],[90.58245849609386,25.95979118347168],[90.51254272460955,25.896240234375057],[90.47728729248047,26.01526069641119],[90.11865234375,25.961259841918945],[89.8926162719726,25.735000610351562],[90.0172958374024,25.602191925049055],[89.87010192871122,25.54422187805187],[89.81452941894537,25.81698036193859],[89.89035797119158,25.940229415893782],[89.69483947753906,26.18907165527338],[89.71782684326178,26.30570030212408],[89.85729217529325,26.38446044921875],[89.8623886108399,26.737003326416016],[90.1278381347658,26.749042510986328],[90.21482086181658,26.853700637817553],[90.4097061157226,26.90192031860363],[90.69986724853533,26.768014907836857],[91.68724822998041,26.805093765258846],[91.85778045654297,26.91402816772461],[92.05519104003906,26.84805297851591],[92.58521270751982,26.961862564086914],[92.65892791748053,27.03852081298851],[93.01937103271501,26.916830062866325],[93.65511322021501,26.966478347778548],[94.25905609130871,27.522600173950195],[94.25222778320341,27.640930175781364],[94.45973968505888,27.557710647583008],[95.60674285888678,27.95776939392107],[95.95231628417986,27.94184112548851]]]]}},{"type":"Feature","properties":{"ID_0":105,"ISO":"IND","NAME_0":"India","ID_1":5,"NAME_1":"Bihar","TYPE_1":"State","ENGTYPE_1":"State"},"geometry":{"type":"MultiPolygon","coordinates":[[[[84.11972045898443,27.513521194458065],[84.29589080810541,27.384172439575252],[84.62201690673857,27.338207244873047],[84.69306182861328,27.214801788330078],[84.64485168457037,27.04719734191923],[84.96448516845709,26.960275650024357],[85.02444458007841,26.855432510375977],[85.19770812988298,26.86659431457531],[85.21228790283209,26.758703231811808],[85.63668823242193,26.871902465820426],[85.85211944580095,26.56841468811058],[86.03073883056646,26.666421890259016],[86.33003997802763,26.61915397644043],[86.73352050781267,26.42204475402832],[87.07427978515653,26.58546638488764],[87.09391784667997,26.450016021728743],[87.34341430664091,26.347515106201172],[87.46909332275419,26.44006538391119],[87.60841369628923,26.380601882934684],[87.89063262939482,26.48641967773449],[88.03255462646513,26.36463165283226],[88.10614776611357,26.535623550415096],[88.23120117187506,26.551982879638672],[88.17903900146513,26.490579605102596],[88.27955627441435,26.33553123474138],[87.96405792236357,26.151979446411133],[87.80358123779303,25.92072105407715],[88.04862976074236,25.690570831298942],[88.07041168212896,25.48050117492687],[87.92604827880865,25.536212921142635],[87.78132629394543,25.444650650024528],[87.83664703369169,25.199260711669865],[87.58007049560553,25.348390579223633],[87.48150634765653,25.295171737670955],[87.47216033935575,25.1946697235108],[87.32345581054705,25.223091125488338],[87.29110717773443,25.089269638061523],[87.14676666259794,25.024311065673942],[87.0504684448245,24.606769561767635],[86.93009185791044,24.642820358276424],[86.91117858886724,24.53867912292486],[86.77712249755888,24.619760513305607],[86.60292053222662,24.605068206787223],[86.45220947265625,24.368629455566463],[86.27913665771513,24.462001800537166],[86.32286071777361,24.584091186523438],[86.13329315185564,24.60354042053217],[86.05058288574224,24.779541015624943],[85.95030212402372,24.732118606567383],[85.73674011230486,24.822650909423885],[85.66470336914068,24.58193016052246],[85.28251647949247,24.52668952941889],[85.0894165039063,24.37919998168968],[85.07615661621122,24.439870834350586],[84.89803314208979,24.372129440307617],[84.79532623291021,24.529491424560604],[84.658256530762,24.39374160766613],[84.5215225219726,24.37626075744629],[84.4935379028322,24.287040710449332],[84.29321289062494,24.450822830200195],[84.29297637939464,24.56599044799816],[84.10977935791033,24.481399536132926],[83.99221038818388,24.63803291320812],[83.86804199218778,24.532880783080998],[83.49816894531256,24.527059555053768],[83.54141235351568,24.62618064880371],[83.38680267334013,24.78421974182129],[83.3181762695312,25.01732063293457],[83.34960937500028,25.19894027709961],[83.83837127685564,25.4368896484375],[84.09439086914068,25.72038078308117],[84.2855758666995,25.661529541015625],[84.33129119873053,25.74457168579096],[84.48838806152361,25.67785072326666],[84.63059997558622,25.728340148925838],[84.52864074707048,25.87774085998541],[84.04905700683622,26.099700927734432],[84.00551605224615,26.234069824218864],[84.15730285644537,26.24413108825695],[84.17135620117188,26.373979568481445],[83.9022827148438,26.450250625610295],[84.08177947998053,26.642860412597656],[84.41439819335938,26.62717056274414],[84.23398590087896,26.739530563354492],[84.24109649658232,26.86243057250988],[84.052001953125,26.89170074462919],[83.92359924316423,27.316431045532227],[83.82895660400419,27.32275962829584],[83.905517578125,27.376214981079386],[83.87024688720709,27.428506851196573],[84.11972045898443,27.513521194458065]]]]}},{"type":"Feature","properties":{"ID_0":105,"ISO":"IND","NAME_0":"India","ID_1":6,"NAME_1":"Chandigarh","TYPE_1":"Union Territor","ENGTYPE_1":"Union Territory"},"geometry":{"type":"Polygon","coordinates":[[[76.81980895996105,30.68582916259777],[76.69062805175787,30.760080337524528],[76.79776763916016,30.78527069091797],[76.81980895996105,30.68582916259777]]]}},{"type":"Feature","properties":{"ID_0":105,"ISO":"IND","NAME_0":"India","ID_1":7,"NAME_1":"Chhattisgarh","TYPE_1":"State","ENGTYPE_1":"State"},"geometry":{"type":"Polygon","coordinates":[[[83.3275985717774,24.09964942932129],[83.50670623779303,24.02824020385748],[83.56121063232439,23.86295127868658],[83.69538879394537,23.82066917419428],[83.774887084961,23.599500656127987],[83.93525695800798,23.563039779663086],[84.00702667236334,23.632310867309684],[83.96582794189459,23.381210327148494],[84.0702514648437,23.329990386962947],[84.03367614746111,23.13844108581543],[84.14800262451178,22.963869094848633],[84.189926147461,23.023719787597713],[84.37053680419928,22.975070953369254],[84.37692260742216,22.87589073181158],[84.22061157226562,22.668910980224666],[84.00505065917986,22.569562911987532],[84.00421142578153,22.36766052246105],[83.61927032470709,22.19635963439947],[83.53244781494146,22.03404808044445],[83.58447265625017,21.843601226806697],[83.46717834472673,21.78273963928234],[83.41974639892584,21.675020217895508],[83.48454284667986,21.62556266784668],[83.38072204589872,21.612751007080078],[83.33463287353533,21.495550155639705],[83.40265655517607,21.34843063354515],[83.27001953125006,21.375038146972884],[83.19010162353521,21.13552856445324],[82.63594055175781,21.149450302124023],[82.4590530395509,20.823841094970703],[82.34661865234392,20.883848190307845],[82.32401275634777,20.55388069152832],[82.42916870117182,20.425752639770508],[82.39086151123064,20.059589385986328],[82.70748901367205,19.990219116210938],[82.71100616455084,19.848560333252067],[82.5850601196289,19.771049499511662],[82.59076690673845,19.866218566894474],[82.43949127197283,19.902919769287223],[82.33944702148443,19.8299617767334],[82.23062896728516,19.998081207275504],[82.02440643310575,20.010040283203068],[81.94135284423834,20.102251052856445],[81.8737564086914,20.046180725097884],[81.84963226318365,19.908050537109375],[82.05982971191412,19.78309822082514],[82.02239227294922,19.501802444458008],[82.18305969238293,19.417610168456974],[82.15978240966803,19.12648010253912],[82.23956298828153,18.910459518432617],[82.07858276367216,18.71208190917963],[81.88537597656244,18.65032958984375],[81.94690704345709,18.55915069580078],[81.74491119384771,18.345350265503157],[81.52796173095703,18.259080886840934],[81.38413238525385,17.803489685058594],[81.15956878662115,17.852630615234318],[81.03765106201178,17.78623962402355],[80.97367858886719,18.168149948120174],[80.8620223999024,18.132669448852482],[80.82958984375006,18.23411941528326],[80.7345581054688,18.17171287536621],[80.78827667236322,18.24978065490717],[80.7265396118164,18.40899085998541],[80.48838806152355,18.62672042846674],[80.33879089355474,18.588209152221793],[80.23956298828142,18.752210617065487],[80.34778594970709,18.81594085693382],[80.26772308349638,18.98732948303234],[80.38334655761713,19.23913955688488],[80.56781768798845,19.400920867919865],[80.61015319824236,19.307140350341797],[80.74923706054688,19.286741256713867],[80.84500885009771,19.36091041564947],[80.78793334960955,19.426700592041016],[80.89206695556658,19.465681076049805],[80.65685272216791,19.612260818481445],[80.54242706298828,19.819271087646484],[80.39470672607428,19.79457855224615],[80.4975204467774,19.8687496185305],[80.40629577636719,19.932500839233512],[80.52037811279303,19.93087959289562],[80.54615783691412,20.065710067749023],[80.3938369750976,20.144020080566463],[80.38295745849604,20.241720199584904],[80.61776733398438,20.33368110656744],[80.62232208251982,20.603862762451286],[80.4815979003908,20.61709976196289],[80.58011627197271,20.683641433715877],[80.54183959960932,20.93391990661621],[80.4237594604495,21.00959014892601],[80.45526885986328,21.169080734252873],[80.67295074462896,21.298288345337028],[80.7185287475586,21.711860656738338],[80.81120300292986,21.747491836547795],[80.90608978271496,22.11444091796875],[81.00427246093756,22.070020675659407],[81.10999298095714,22.441120147705135],[81.32293701171892,22.524330139160156],[81.39655303955095,22.441320419311523],[81.61579132080084,22.539020538330135],[81.76272583007841,22.663589477539062],[81.76940155029325,22.87350845336914],[81.9402465820313,22.957090377807617],[81.93810272216803,23.077810287475586],[82.15107727050776,23.14174079895031],[82.18585968017584,23.325389862060774],[81.9761199951173,23.413110733032283],[81.91635894775396,23.532091140747127],[81.60704803466808,23.506889343261776],[81.56973266601562,23.588649749755973],[81.68728637695318,23.721349716186523],[81.61051177978544,23.906972885131893],[81.78266143798834,23.81184005737316],[81.91644287109403,23.872989654541243],[82.51619720459001,23.7842311859132],[82.79865264892595,23.96218109130865],[82.94950103759766,23.872989654541243],[83.12741088867216,23.890020370483626],[83.3275985717774,24.09964942932129]]]}},{"type":"Feature","properties":{"ID_0":105,"ISO":"IND","NAME_0":"India","ID_1":8,"NAME_1":"Dadra and Nagar Haveli","VARNAME_1":"DAdra et Nagar Haveli|Dadra e Nagar Haveli","TYPE_1":"Union Territor","ENGTYPE_1":"Union Territory"},"geometry":{"type":"Polygon","coordinates":[[[72.99046325683588,20.292089462280217],[73.10338592529297,20.36036109924322],[73.17710113525396,20.31232261657715],[73.06423950195324,20.203161239624137],[73.227783203125,20.187049865722656],[73.19890594482433,20.062271118164176],[72.98532104492188,20.113451004028263],[72.9223098754884,20.274400711059684],[72.99046325683588,20.292089462280217]]]}},{"type":"Feature","properties":{"ID_0":105,"ISO":"IND","NAME_0":"India","ID_1":9,"NAME_1":"Daman and Diu","TYPE_1":"Union Territor","ENGTYPE_1":"Union Territory"},"geometry":{"type":"MultiPolygon","coordinates":[[[[70.9485473632813,20.733741760253906],[70.99764251709013,20.7140274047851],[70.89208221435553,20.70791625976574],[70.9485473632813,20.733741760253906]]],[[[70.76802825927734,20.9619598388673],[70.90161132812506,20.903329849243164],[70.81696319580084,20.851200103759822],[70.89617919921903,20.824792861938704],[70.83819580078153,20.690141677856502],[70.67402648925798,20.75819015502924],[70.76802825927734,20.9619598388673]]]]}},{"type":"Feature","properties":{"ID_0":105,"ISO":"IND","NAME_0":"India","ID_1":10,"NAME_1":"Delhi","TYPE_1":"Union Territor","ENGTYPE_1":"Union Territory"},"geometry":{"type":"Polygon","coordinates":[[[77.21732330322277,28.835279464721793],[77.33753204345703,28.617492675781364],[77.24061584472656,28.428859710693416],[76.83761596679688,28.55698966979992],[76.93390655517572,28.63764953613287],[76.94230651855469,28.820680618286246],[77.07585144042969,28.884511947631836],[77.21732330322277,28.835279464721793]]]}},{"type":"Feature","properties":{"ID_0":105,"ISO":"IND","NAME_0":"India","ID_1":11,"NAME_1":"Goa","VARNAME_1":"Ga","TYPE_1":"State","ENGTYPE_1":"State"},"geometry":{"type":"MultiPolygon","coordinates":[[[[73.87986755371094,15.779211997985897],[74.00238800048834,15.609051704406966],[74.2552566528322,15.654210090637207],[74.34165191650408,15.292930603027457],[74.25752258300781,15.257629394531364],[74.30233764648432,15.039859771728572],[74.21183776855474,14.921420097351131],[74.0429229736331,14.918471336364803],[73.9118041992188,15.084028244018668],[73.88652801513666,15.350419998168888],[73.7829132080081,15.408749580383528],[73.89679718017607,15.414859771728743],[73.78763580322271,15.461527824401855],[73.6793060302735,15.722360610961857],[73.87986755371094,15.779211997985897]]]]}},{"type":"Feature","properties":{"ID_0":105,"ISO":"IND","NAME_0":"India","ID_1":12,"NAME_1":"Gujarat","VARNAME_1":"Goudjerate|Gujerat|Gujerate","TYPE_1":"State","ENGTYPE_1":"State"},"geometry":{"type":"MultiPolygon","coordinates":[[[[68.47286224365263,23.480419158935547],[68.48458099365251,23.403190612793082],[68.47458648681669,23.45986366271984],[68.42124938964861,23.420141220092717],[68.47286224365263,23.480419158935547]]],[[[68.35846710205072,23.80513954162592],[68.42624664306646,23.794860839843977],[68.39041900634771,23.654306411743164],[68.19708251953153,23.59708595275879],[68.31181335449224,23.65014076232933],[68.23124694824213,23.642915725708235],[68.35846710205072,23.80513954162592]]],[[[68.49652862548857,23.830972671508846],[68.51680755615251,23.754579544067326],[68.4373626708985,23.73931121826172],[68.49652862548857,23.830972671508846]]],[[[68.39569091796892,23.878196716308594],[68.42652893066435,23.81042098999029],[68.3301391601563,23.787361145019702],[68.39569091796892,23.878196716308594]]],[[[68.53541564941435,23.945972442626953],[68.58875274658209,23.91681098938011],[68.51708221435553,23.856527328491154],[68.53541564941435,23.945972442626953]]],[[[68.4820861816408,23.992639541626147],[68.51847076416044,23.92430496215843],[68.4434661865235,23.848470687866495],[68.4820861816408,23.992639541626147]]],[[[68.43013763427763,23.995420455932617],[68.23792266845697,23.681249618530217],[68.21291351318388,23.834583282470703],[68.43013763427763,23.995420455932617]]],[[[72.10186004638689,24.643339157104492],[72.35378265380854,24.61810111999523],[72.2509994506836,24.580160140991325],[72.44248962402344,24.504249572753963],[72.46467590332037,24.40711975097662],[72.54457855224626,24.506851196289062],[72.69725036621105,24.45721054077171],[72.73253631591808,24.361270904541243],[72.92391204833984,24.326322555541935],[73.01278686523438,24.482400894165153],[73.09892272949224,24.491491317748967],[73.08496093750006,24.39447021484375],[73.23147583007818,24.364660263061467],[73.08268737792974,24.184980392455998],[73.24582672119169,24.010709762573242],[73.37346649169922,24.12813949584961],[73.42468261718756,23.931060791015682],[73.3626480102539,23.78742980957037],[73.50853729248064,23.70333099365257],[73.51348876953142,23.616811752319336],[73.66073608398455,23.62290191650402],[73.6327514648438,23.452392578125114],[73.83213043212919,23.446750640869254],[73.894271850586,23.337139129638672],[73.96247100830095,23.381389617919922],[74.10658264160168,23.294122695922965],[74.12702178955107,23.178850173950252],[74.24603271484403,23.188259124756087],[74.36202239990263,22.933090209960938],[74.47891998291044,22.858640670776367],[74.38108825683622,22.638639450073356],[74.26535797119158,22.64483070373541],[74.15332031250011,22.517419815063533],[74.04463958740263,22.542121887207088],[74.1230010986331,22.420810699463004],[74.19082641601568,22.477880477905387],[74.29418182373064,22.394468307495345],[74.19106292724615,22.321929931640568],[74.07198333740251,22.360240936279297],[74.18070983886719,22.08660125732422],[74.09770202636736,22.01545906066889],[74.14890289306646,21.96071052551281],[73.81051635742193,21.823337554931697],[73.89810180664068,21.66727066040039],[73.78761291503912,21.625049591064567],[73.86078643798822,21.49582290649414],[74.30996704101557,21.567321777343807],[74.32772064208984,21.49575042724615],[74.06716156005854,21.481931686401367],[73.9528427124024,21.40237045288086],[73.94848632812528,21.29755020141613],[73.83213806152372,21.2674503326416],[73.82254791259771,21.171920776367244],[73.58830261230474,21.167900085449446],[73.90644836425787,20.98315048217779],[73.94953155517595,20.7423095703125],[73.67070770263678,20.5623397827149],[73.45369720458996,20.71047019958519],[73.40273284912115,20.642599105835075],[73.50074005126953,20.540241241455078],[73.39134979248075,20.390199661254996],[73.42991638183588,20.206230163574276],[73.31114959716797,20.207210540771484],[73.25946807861334,20.1246395111084],[73.18017578125006,20.208608627319336],[73.07244873046903,20.163450241088924],[73.1795425415039,20.28986167907715],[73.10737609863276,20.360710144043196],[72.92459106445318,20.278659820556754],[72.96924591064482,20.210910797119197],[72.73764038085943,20.13653945922863],[72.7756958007812,20.333471298217717],[72.87552642822271,20.38105010986328],[72.88957977294939,20.748195648193416],[72.72069549560553,21.1431941986084],[72.62708282470732,21.075969696044922],[72.65319824218778,21.226804733276424],[72.58735656738287,21.275688171386776],[72.74236297607439,21.550140380859432],[72.62568664550787,21.492359161376953],[72.59735870361322,21.55236053466797],[72.83513641357428,21.66792106628418],[72.53763580322294,21.664304733276424],[72.56986236572294,21.824308395385742],[72.50235748291044,21.955141067504996],[72.582084655762,22.200971603393555],[72.75763702392578,22.174028396606445],[72.91596984863287,22.278194427490234],[72.54264068603533,22.280971527099894],[72.48596954345697,22.197359085083065],[72.36180877685547,22.37566947937006],[72.41652679443388,22.227361679077376],[72.35624694824247,22.271249771118107],[72.34349060058588,22.124860763549748],[72.29430389404314,22.202362060547046],[72.2784729003908,21.932079315185774],[72.24153137207037,22.049583435058764],[72.30014038085966,22.108749389648438],[72.17236328125028,22.041530609131087],[72.22097015380865,21.956251144409123],[72.14653015136724,21.983472824096964],[72.25319671630865,21.897361755371037],[72.26457977294939,21.74041748046875],[72.18291473388689,21.823749542236385],[72.30596923828142,21.628469467163313],[72.07597351074224,21.30208396911621],[72.11374664306646,21.19652748107933],[71.05041503906256,20.730970382690373],[70.87347412109403,20.709861755371264],[70.89617919921903,20.824792861938704],[70.81696319580084,20.851200103759822],[70.88698577880871,20.945209503174055],[70.73551177978521,20.98983192443859],[70.66625213623053,20.752359390258846],[70.09958648681646,21.104581832885856],[69.71290588378923,21.528470993041992],[69.73764038085966,21.65041923522955],[69.69680786132841,21.592920303344783],[69.63263702392578,21.642919540405273],[69.71069335937506,21.539306640625114],[69.58763885498053,21.620969772338867],[68.93597412109403,22.310138702392635],[69.06735992431646,22.480140686035213],[69.06930541992216,22.395694732666016],[69.19403076171903,22.423749923706225],[69.15791320800787,22.312915802001953],[69.23263549804705,22.25791740417486],[69.48847198486334,22.33791732788086],[69.49819183349615,22.435693740844727],[69.57569122314482,22.319030761718864],[69.72820281982428,22.47375106811529],[69.79763793945318,22.399858474731445],[69.83430480957037,22.500694274902344],[69.87014007568365,22.44652938842802],[69.9762496948245,22.5431938171389],[70.16291809082037,22.551530838012923],[70.4934692382813,23.07513999938965],[70.34764099121088,22.93041610717802],[70.12319183349626,22.960695266723746],[70.15319824218756,23.029581069946403],[70.13208007812528,22.924581527710075],[69.79846954345732,22.850694656372013],[69.7051391601563,22.72791671752924],[69.63375091552751,22.795419692993164],[69.46958160400396,22.77374839782715],[69.19069671630876,22.84124946594244],[68.65902709960966,23.149860382080078],[68.58541870117216,23.234584808349837],[68.75818634033214,23.33041954040533],[68.65013885498064,23.30430793762207],[68.49180603027361,23.5009708404541],[68.49680328369158,23.652919769287394],[68.76125335693388,23.874870300293082],[68.52513885498075,23.759025573730696],[68.51513671875006,23.824861526489485],[68.6631927490235,23.91736030578636],[68.54680633544928,23.963193893432617],[68.74924468994169,23.96204566955572],[68.77265167236334,24.294136047363224],[68.88754272460966,24.195850372314453],[68.94724273681669,24.276626586914062],[69.00053405761736,24.22587966918951],[69.60067749023466,24.27784729003912],[69.72457885742193,24.175096511840877],[70.00064086914091,24.166395187378157],[70.11904144287115,24.29069900512718],[70.57486724853516,24.42031478881853],[70.5742492675783,24.2523326873781],[70.80576324462919,24.22272682189964],[71.13176727294939,24.401800155639933],[71.00756835937528,24.442241668701115],[70.99826812744158,24.541339874267635],[71.10713958740229,24.68065071105957],[71.2977371215822,24.607641220092717],[71.5369720458985,24.678920745849723],[71.79898834228533,24.670520782470817],[71.85839080810558,24.60416984558117],[71.87647247314459,24.675159454345703],[71.94419097900396,24.626779556274528],[72.052490234375,24.705789566039982],[72.10186004638689,24.643339157104492]]]]}},{"type":"Feature","properties":{"ID_0":105,"ISO":"IND","NAME_0":"India","ID_1":13,"NAME_1":"Haryana","TYPE_1":"State","ENGTYPE_1":"State"},"geometry":{"type":"Polygon","coordinates":[[[76.83715057373058,30.878871917724837],[77.1535263061524,30.688720703125],[77.11149597167969,30.56728935241705],[77.20260620117216,30.4803409576416],[77.45053863525396,30.46523094177269],[77.43495178222685,30.403671264648665],[77.5098495483399,30.448829650878906],[77.59201812744146,30.370861053466797],[77.4144287109375,30.10713005065918],[77.27040863037126,30.048339843750057],[77.11704254150408,29.770900726318587],[77.12204742431646,29.10576820373558],[77.22119140625017,28.904132843017578],[76.94230651855469,28.820680618286417],[76.93390655517572,28.63764953613304],[76.83291625976568,28.582508087158317],[76.8793716430664,28.509050369262695],[77.07247924804693,28.52028083801281],[77.16577148437506,28.40846061706543],[77.33447265625017,28.5110893249514],[77.47455596923834,28.413511276245174],[77.53613281250006,27.9493026733399],[77.23455810546892,27.78581047058117],[77.03827667236345,27.820041656494197],[77.07921600341825,27.738410949707145],[76.99353790283209,27.741701126098746],[76.97049713134794,27.65714263916027],[76.88092041015642,27.69936943054222],[76.96176147460938,28.144010543823356],[76.8636322021485,28.224639892578125],[76.53819274902344,27.97054100036621],[76.53852081298828,28.039119720458928],[76.45372772216803,28.049669265747298],[76.47099304199213,28.154741287231502],[76.28885650634766,28.182672500610636],[76.33679962158209,28.029661178588867],[76.17733764648443,28.059259414672965],[76.15493774414057,27.9989910125733],[76.22328186035173,27.840930938720817],[75.96308135986328,27.864730834960938],[75.92362213134783,27.933090209960994],[76.035629272461,28.073980331421126],[75.93608856201178,28.093530654907454],[76.09288787841803,28.155218124389705],[75.92237854003918,28.368909835815543],[75.77031707763678,28.407619476318303],[75.55570983886736,28.614591598511026],[75.46707916259771,28.926250457763672],[75.51110076904303,29.010829925537337],[75.36115264892595,29.14262008667015],[75.39570617675787,29.261940002441463],[75.07807922363298,29.232450485229663],[74.84113311767607,29.404069900512923],[74.59577941894537,29.328311920166016],[74.529106140137,29.449539184570312],[74.61440277099626,29.527111053466854],[74.6054000854495,29.752880096435547],[74.46526336669939,29.787549972534407],[74.55356597900408,29.865640640259016],[74.524642944336,29.951560974121094],[74.64697265625028,29.904670715332088],[74.80117797851568,29.992572784423942],[74.9899291992187,29.85646057128912],[75.0848007202149,29.915140151977482],[75.09017944335943,29.806661605835075],[75.18234252929716,29.838701248169116],[75.23097991943388,29.75206756591797],[75.15783691406267,29.662710189819336],[75.22348022460943,29.546171188354492],[75.44426727294916,29.807849884033374],[75.56878662109403,29.74262046813959],[75.77162170410173,29.825389862060547],[76.04148101806658,29.748781204223746],[76.24201202392584,29.869028091430835],[76.16629028320318,29.9286594390872],[76.25499725341803,30.104579925537053],[76.20387268066412,30.158901214599723],[76.32289886474615,30.108221054077262],[76.41020202636736,30.202289581299],[76.45208740234403,30.100709915161246],[76.60105133056669,30.08023071289074],[76.63891601562506,30.205940246582315],[76.54763793945341,30.26492118835455],[76.71515655517595,30.332910537719727],[76.75786590576172,30.438890457153263],[76.93026733398466,30.39258956909174],[76.76254272460943,30.893409729003906],[76.83715057373058,30.878871917724837]]]}},{"type":"Feature","properties":{"ID_0":105,"ISO":"IND","NAME_0":"India","ID_1":14,"NAME_1":"Himachal Pradesh","TYPE_1":"Union Territor","ENGTYPE_1":"Union Territory"},"geometry":{"type":"Polygon","coordinates":[[[76.80275726318365,33.23666000366211],[76.91751098632812,33.03367996215849],[77.13639068603521,32.980461120605526],[77.32789611816412,32.81988143920893],[77.71248626708979,32.97180175781244],[77.9825592041015,32.5865287780764],[78.37135314941412,32.76182937622076],[78.38881683349638,32.62322998046881],[78.27851867675787,32.50793075561529],[78.43839263916044,32.505352020263786],[78.51876068115251,32.41849899292015],[78.43920898437517,32.2464599609375],[78.5929107666015,32.218669891357706],[78.59733581542986,32.12203216552746],[78.77102661132841,31.999811172485465],[78.69135284423828,31.79335021972679],[78.83109283447277,31.61526107788086],[78.70664215087908,31.51839256286621],[78.99658203125006,31.115339279174748],[78.87139892578125,31.107320785522404],[78.79503631591808,31.205039978027344],[78.47010803222673,31.203750610351562],[78.35632324218756,31.290870666503906],[77.88748931884771,31.154701232910156],[77.68828582763689,30.76866912841797],[77.81064605712896,30.533180236816634],[77.56534576416021,30.384889602661246],[77.12233734130888,30.548231124878043],[77.1535263061524,30.688720703125],[76.9021606445313,30.89722824096691],[76.61006927490251,31.004230499267692],[76.63414764404303,31.21533966064453],[76.43113708496094,31.282840728759822],[76.36313629150396,31.44135093688982],[76.29609680175781,31.31920051574707],[76.17282867431669,31.306739807129077],[75.89454650878935,31.949800491333235],[75.57875823974626,32.08168029785156],[75.6618270874024,32.16466903686535],[75.62254333496105,32.23468017578125],[75.93463134765653,32.4247589111331],[75.85096740722673,32.507869720458984],[75.91248321533232,32.757122039795036],[75.78742218017595,32.89332199096674],[75.98741912841808,32.90058135986351],[76.39167785644548,33.186691284179744],[76.62700653076166,33.162479400634766],[76.80275726318365,33.23666000366211]]]}},{"type":"Feature","properties":{"ID_0":105,"ISO":"IND","NAME_0":"India","ID_1":15,"NAME_1":"Jammu and Kashmir","TYPE_1":"State","ENGTYPE_1":"State"},"geometry":{"type":"Polygon","coordinates":[[[77.89956665039091,35.4278945922851],[78.10983276367205,35.476768493652344],[77.99185180664074,35.3485488891601],[78.24803161621122,34.69509887695307],[78.56933593750006,34.611949920654524],[78.98146057128906,34.33285140991211],[78.95619964599615,34.217830657959155],[78.70638275146513,34.072181701660156],[78.783988952637,33.77043151855469],[78.71098327636713,33.654869079589844],[79.07496643066406,33.228610992431925],[79.40983581542963,33.17877197265625],[79.35247039794939,32.979030609130916],[79.54052734375017,32.748691558838004],[79.54535675048834,32.60736083984392],[79.31221771240251,32.48709106445324],[79.20295715332037,32.510829925537166],[79.10446929931635,32.371711730957145],[78.97720336914091,32.34276962280296],[78.78118133544922,32.475299835205135],[78.74592590332048,32.696079254150675],[78.31040954589872,32.475929260253906],[78.37135314941412,32.76182937622076],[77.9825592041015,32.5865287780764],[77.71248626708979,32.97180175781244],[77.32789611816412,32.81988143920893],[77.13639068603521,32.980461120605526],[76.91751098632812,33.03367996215849],[76.77826690673822,33.255710601806584],[76.7298660278322,33.1794319152832],[76.39167785644548,33.186691284179744],[75.94577026367188,32.88513946533209],[75.80795288085966,32.92979049682617],[75.92362213134783,32.64369964599621],[75.4989471435548,32.27532958984381],[75.07160949707048,32.48296356201172],[74.69841766357428,32.48493957519537],[74.64221191406278,32.61104965209961],[74.69702148437517,32.839714050293026],[74.53153228759771,32.74073028564476],[74.31803131103533,32.91970062255871],[74.34983062744135,33.016250610351506],[74.01427459716808,33.19824981689453],[74.18707275390636,33.45552062988281],[73.95625305175787,33.72029113769531],[74.21967315673834,33.86717605590832],[74.26274108886724,33.97428894042997],[74.21467590332037,34.03855514526367],[73.88321685791021,34.04994964599632],[73.9762268066408,34.264808654785156],[73.89940643310553,34.359813690185604],[73.76432037353533,34.371070861816406],[73.94806671142584,34.573089599609375],[73.96022033691406,34.69668197631847],[74.14179229736345,34.691200256347884],[74.375541687012,34.803443908691406],[75.74920654296903,34.515830993652344],[76.47434234619146,34.79437255859398],[76.68181610107422,34.75959014892578],[76.74936676025396,34.92660140991228],[76.99748992919928,34.939151763916016],[77.01809692382818,35.03846359252941],[77.15682220458996,35.05469894409191],[77.82392883300798,35.50133132934593],[77.89956665039091,35.4278945922851]]]}},{"type":"Feature","properties":{"ID_0":105,"ISO":"IND","NAME_0":"India","ID_1":16,"NAME_1":"Jharkhand","VARNAME_1":"Vananchal","TYPE_1":"State","ENGTYPE_1":"State"},"geometry":{"type":"Polygon","coordinates":[[[87.59989166259771,25.314662933349553],[87.78330993652361,25.2461776733399],[87.77652740478521,25.091270446777344],[87.97334289550787,24.896482467651367],[87.81806182861328,24.765981674194336],[87.90083312988298,24.72159957885748],[87.90997314453142,24.593868255615178],[87.76940917968767,24.581760406494368],[87.81002044677751,24.406620025634766],[87.63571166992205,24.242530822753963],[87.68956756591803,24.14983940124523],[87.49359893798845,24.115209579467773],[87.4579696655274,23.981420516967887],[87.2379760742187,24.04121971130371],[87.29454803466803,23.898571014404354],[87.242729187012,23.826160430908146],[86.79283905029314,23.83138084411621],[86.79203796386713,23.687370300293082],[86.43988037109386,23.62961006164562],[86.30000305175781,23.420061111450195],[86.04686737060564,23.58386993408203],[86.04722595214844,23.493642807006893],[85.85954284667969,23.450950622558594],[85.83155822753906,23.195119857788086],[85.9149932861331,23.129529953002987],[86.03692626953125,23.143610000610465],[86.21247863769537,22.99184989929222],[86.540283203125,22.987230300903434],[86.43282318115246,22.923402786254883],[86.41615295410173,22.776508331298942],[86.61786651611357,22.673389434814453],[86.65170288085955,22.57579040527338],[86.75994110107433,22.572429656982536],[86.75148010253912,22.45067977905296],[86.8856811523437,22.25212097167963],[86.747802734375,22.20798110961914],[86.49994659423834,22.34095191955572],[86.43335723876959,22.301540374755916],[86.03849029541033,22.563589096069336],[85.95350646972668,22.455972671509016],[86.0267181396485,22.185222625732536],[85.90542602539068,21.96663093566889],[85.76074981689453,21.989719390869254],[85.80204772949224,22.110830307006893],[85.6815032958985,22.04878044128418],[85.39443969726568,22.158599853515682],[85.230941772461,22.00027084350586],[85.09543609619169,22.099451065063477],[84.97982025146513,22.08468055725109],[85.11445617675787,22.290489196777344],[85.06249237060564,22.478410720825195],[84.28922271728516,22.337320327758846],[84.00250244140653,22.520860671997184],[84.08039093017595,22.63655090332054],[84.22061157226562,22.668910980224666],[84.38905334472662,22.938739776611328],[84.189926147461,23.023719787597713],[84.14800262451178,22.963869094848633],[84.03367614746111,23.13844108581543],[84.0702514648437,23.329990386962947],[83.96582794189459,23.381210327148494],[84.00702667236334,23.632310867309684],[83.93525695800798,23.563039779663086],[83.774887084961,23.599500656127987],[83.69538879394537,23.82066917419428],[83.56121063232439,23.86295127868658],[83.50670623779303,24.02824020385748],[83.32356262207048,24.101329803466854],[83.45139312744146,24.36474990844738],[83.39546966552751,24.503770828247184],[83.86804199218778,24.532880783080998],[83.99221038818388,24.63803291320812],[84.10977935791033,24.481399536132926],[84.29743194580078,24.563142776489258],[84.29321289062494,24.450822830200195],[84.4935379028322,24.287040710449332],[84.5215225219726,24.37626075744629],[84.658256530762,24.39374160766613],[84.79532623291021,24.529491424560604],[84.89803314208979,24.372129440307617],[85.07615661621122,24.439870834350586],[85.0894165039063,24.37919998168968],[85.28251647949247,24.52668952941889],[85.66470336914068,24.58193016052246],[85.73674011230486,24.822650909423885],[85.95030212402372,24.732118606567383],[86.05058288574224,24.779541015624943],[86.13329315185564,24.60354042053217],[86.32286071777361,24.584091186523438],[86.27913665771513,24.462001800537166],[86.45220947265625,24.368629455566463],[86.60292053222662,24.605068206787223],[86.77712249755888,24.619760513305607],[86.91117858886724,24.53867912292486],[86.93009185791044,24.642820358276424],[87.0504684448245,24.606769561767635],[87.17664337158209,25.06402015686035],[87.29110717773443,25.089269638061523],[87.32345581054705,25.223091125488338],[87.46763610839844,25.193141937255973],[87.49006652832043,25.305200576782283],[87.59989166259771,25.314662933349553]]]}},{"type":"Feature","properties":{"ID_0":105,"ISO":"IND","NAME_0":"India","ID_1":17,"NAME_1":"Karnataka","VARNAME_1":"Maisur|Mysore","TYPE_1":"State","ENGTYPE_1":"State"},"geometry":{"type":"MultiPolygon","coordinates":[[[[77.33731079101557,18.43544006347662],[77.41011047363293,18.388530731201172],[77.36252593994158,18.308290481567496],[77.60301971435547,18.277999877929688],[77.54574584960966,18.053760528564396],[77.65339660644548,17.969352722167912],[77.43992614746088,17.581470489502067],[77.68799591064459,17.49854278564476],[77.51014709472673,17.42725944519043],[77.38035583496105,17.219770431518555],[77.49938964843778,17.00732040405279],[77.41657257080084,16.66281127929699],[77.46417236328142,16.584209442138672],[77.23517608642584,16.468080520629996],[77.59227752685575,16.29010963439947],[77.48755645751964,16.249820709228516],[77.50945281982428,15.920860290527287],[77.1806259155274,15.950062751770076],[77.02227020263689,15.831780433654899],[77.12497711181669,15.659050941467285],[77.02928161621094,15.63383865356451],[76.97039031982439,15.490921974182243],[77.16414642334001,15.259070396423397],[77.16320037841814,15.161331176757926],[77.07881927490263,15.000009536743278],[76.774223327637,15.071380615234375],[76.76377105712885,14.969869613647461],[76.86547851562517,14.937600135803336],[76.76091003417963,14.596281051635799],[76.87020111083979,14.468440055847282],[76.97339630126953,14.478281021118221],[76.88314056396513,14.390291213989258],[76.94346618652361,14.236310005188045],[77.10507965087896,14.213281631469727],[77.15215301513689,14.337740898132381],[77.28114318847662,14.331110954284782],[77.38378906250011,14.191821098327694],[77.38565826416021,14.324870109558049],[77.49936676025396,14.260510444641113],[77.50044250488298,14.150960922241325],[77.34773254394537,14.12434101104742],[77.39544677734403,14.10344123840332],[77.32618713378918,14.022939682006893],[77.4306411743164,13.968779563904036],[77.39705657959001,13.880540847778548],[77.31349182128923,14.024820327758732],[77.14733886718744,13.991621971130371],[77.02369689941435,14.05325889587408],[77.01982879638678,14.172701835632324],[76.89142608642595,14.1589994430542],[77.03584289550787,13.925591468811149],[76.99392700195324,13.741510391235408],[77.1665802001956,13.754669189453239],[77.17703247070324,13.91740036010765],[77.17880249023432,13.859840393066406],[77.42453002929705,13.83512973785406],[77.4764862060548,13.677599906921444],[77.64908599853521,13.77583980560297],[77.70874786376959,13.732739448547363],[77.81829071044933,13.934881210327092],[77.97857666015625,13.947650909423828],[77.94458007812528,13.81997108459467],[78.04115295410173,13.886729240417594],[78.11353302001959,13.840890884399471],[78.08072662353521,13.635340690612907],[78.15576171875,13.648710250854549],[78.18327331542986,13.556380271911678],[78.39076232910173,13.57810020446783],[78.36699676513678,13.320039749145621],[78.57746887207026,13.262049674987907],[78.42265319824219,12.968600273132324],[78.45423889160185,12.853161811828727],[78.34542846679693,12.928060531616211],[78.22064971923845,12.752590179443416],[77.82559967041016,12.858989715576229],[77.73140716552751,12.66397953033453],[77.59033966064459,12.657541275024641],[77.62008666992193,12.408479690551871],[77.46566772460932,12.202260971069279],[77.72635650634777,12.1673202514649],[77.76844787597662,12.10559177398693],[77.66471099853521,11.939700126648063],[77.48439788818376,11.932399749755916],[77.4192504882813,11.75067138671875],[77.24173736572294,11.802459716796932],[77.10929870605474,11.712800979614258],[77.00443267822294,11.803019523620605],[76.89968872070318,11.783271789550781],[76.83728027343756,11.574480056762695],[76.56006622314447,11.610120773315657],[76.50421142578142,11.698040962219295],[76.41020965576172,11.664569854736328],[76.40767669677734,11.753331184387264],[76.1080627441408,11.851181030273438],[76.10791015625006,11.970639228820914],[75.86589813232428,11.94563007354742],[75.79968261718756,12.071181297302303],[75.6624298095706,12.091180801391602],[75.41912841796892,12.286399841308707],[75.36560058593756,12.407040596008414],[75.41448974609403,12.496711730957259],[75.34086608886747,12.456049919128361],[75.27240753173822,12.539880752563533],[75.32785797119152,12.585181236267317],[75.04780578613287,12.660088539123478],[74.9922866821289,12.790459632873763],[74.86708068847685,12.754451751708984],[74.63318634033209,13.849029541015682],[74.50152587890625,14.0226411819458],[74.38735961914091,14.546810150146541],[74.3095932006836,14.520690917968693],[74.24958038330084,14.739583969116325],[74.0926361083985,14.80319023132347],[74.10417175292969,14.903750419616642],[74.27011871337908,14.966641426086483],[74.32190704345709,15.184069633483944],[74.25752258300781,15.257629394531364],[74.34165191650408,15.292930603027457],[74.2552566528322,15.654210090637207],[74.09652709960932,15.67084980011009],[74.227348327637,15.785671234130916],[74.36485290527372,15.773651123046875],[74.4702758789063,16.040540695190487],[74.36815643310547,16.052959442138615],[74.49640655517584,16.101579666137695],[74.5031127929688,16.231040954589844],[74.33065795898443,16.272939682006836],[74.36911010742188,16.394329071045036],[74.27636718750028,16.54453277587902],[74.3899230957033,16.527900695800838],[74.47738647460966,16.660779953003157],[74.57405090332037,16.551969528198185],[74.69037628173834,16.604459762573242],[74.69819641113287,16.71520042419445],[74.92382049560553,16.769950866699276],[74.93839263916044,16.94099044799816],[75.09041595459013,16.948650360107365],[75.21585845947271,16.840339660644588],[75.28843688964838,16.954772949218807],[75.67460632324224,16.96026992797846],[75.65988922119146,17.261440277099553],[75.57853698730463,17.382930755615348],[75.63558959960938,17.47751045227045],[75.80233764648438,17.370101928710938],[75.88723754882818,17.417329788208235],[75.93115234375011,17.32411003112793],[76.12120819091814,17.366340637207088],[76.17575836181658,17.297210693359318],[76.24436187744169,17.374679565429688],[76.38170623779325,17.311809539794865],[76.33167266845709,17.594869613647575],[76.4892959594726,17.660669326782227],[76.52369689941406,17.75889015197754],[76.69055175781267,17.679952621460075],[76.78816986084013,17.82647132873541],[76.7406768798831,17.898010253906364],[76.9164428710938,17.9150905609132],[76.95410919189482,18.184890747070256],[77.10888671875006,18.15269088745123],[77.24022674560541,18.40864753723156],[77.33731079101557,18.43544006347662]]]]}},{"type":"Feature","properties":{"ID_0":105,"ISO":"IND","NAME_0":"India","ID_1":18,"NAME_1":"Kerala","TYPE_1":"State","ENGTYPE_1":"State"},"geometry":{"type":"MultiPolygon","coordinates":[[[[74.99600219726591,12.787981033325252],[75.04780578613287,12.660088539123478],[75.32785797119152,12.585181236267317],[75.27091979980486,12.553540229797477],[75.33676147460943,12.457781791687182],[75.41448974609403,12.496711730957259],[75.36560058593756,12.407040596008414],[75.41912841796892,12.286399841308707],[75.57684326171892,12.150750160217342],[75.79534912109386,12.074231147766227],[75.87674713134771,11.940711975097884],[76.10791015625006,11.970639228820914],[76.11653137207037,11.84304046630865],[76.40767669677734,11.753331184387264],[76.43421936035173,11.63352108001709],[76.22574615478533,11.564439773559798],[76.2400970458985,11.459641456604004],[76.53820037841803,11.351590156555176],[76.45272064209001,11.180210113525504],[76.72557830810575,11.208890914917106],[76.69117736816412,11.144510269165153],[76.79247283935553,11.04237270355236],[76.64916229248064,10.924152374267578],[76.89750671386736,10.770799636841048],[76.87261962890636,10.629431724548454],[76.80499267578142,10.626340866088924],[76.81967163085938,10.295240402221793],[76.9707870483399,10.208650588989258],[77.22216033935564,10.340300559997672],[77.2804489135745,10.20725154876709],[77.18779754638689,10.092501640319824],[77.26142120361345,9.963721275329817],[77.15187072753935,9.606019973754996],[77.3408966064456,9.595050811767521],[77.39623260498075,9.496541976928711],[77.13217926025396,9.011850357055721],[77.2415008544923,8.864782333373967],[77.15531921386747,8.737560272216797],[77.26508331298828,8.542559623718205],[77.18649291992205,8.493371009826717],[77.159652709961,8.312500953674316],[76.97541809082037,8.384580612182674],[76.5462493896485,8.902359962463436],[76.33791351318376,9.415971755981445],[76.23735809326172,9.96542167663597],[76.34764099121111,9.71180629730253],[76.32068634033197,9.871250152588061],[76.37069702148455,9.820142745971793],[76.35708618164091,9.525416374206486],[76.48042297363287,9.511251449585188],[76.37735748291033,9.864862442016715],[76.2056961059572,10.147082328796387],[76.2240295410158,9.977079391479549],[76.06764221191423,10.544584274291935],[75.910140991211,10.79236030578619],[75.85847473144537,11.138471603393668],[75.61736297607428,11.477083206176985],[75.50013732910185,11.798194885253906],[75.45375061035168,11.770138740539608],[75.29873657226557,11.94347000122076],[75.37486267089861,11.956531524658146],[75.26541900634766,12.007081031799316],[75.40251922607439,12.136840820312614],[75.22306060791033,12.104840278625716],[75.20041656494146,12.00736141204851],[74.86653137207026,12.752640724182129],[74.99600219726591,12.787981033325252]]]]}},{"type":"Feature","properties":{"ID_0":105,"ISO":"IND","NAME_0":"India","ID_1":19,"NAME_1":"Lakshadweep","VARNAME_1":"les Laquedives|Laccadive|Minicoy and Amindivi Islands|Laccadives|Lackadiverna|Lakkadiven|Lakkadi","TYPE_1":"Union Territor","ENGTYPE_1":"Union Territory"},"geometry":{"type":"MultiPolygon","coordinates":[[[[73.0101394653322,8.28042030334484],[73.0101394653322,8.280139923095874],[73.01040649414068,8.280139923095874],[73.01040649414068,8.27985954284668],[73.01069641113298,8.279862403869572],[73.01069641113298,8.279583930969181],[73.010971069336,8.279583930969181],[73.010971069336,8.279306411743107],[73.01152801513678,8.279310226440487],[73.01152801513678,8.27902984619169],[73.01207733154297,8.27902984619169],[73.01207733154297,8.278750419616813],[73.01291656494169,8.278750419616813],[73.01291656494169,8.277361869812069],[73.01264190673845,8.277361869812069],[73.01264190673845,8.277084350586165],[73.01235961914091,8.277084350586165],[73.01235961914091,8.276805877685604],[73.01180267334013,8.276809692382983],[73.01180267334013,8.276530265808105],[73.01125335693354,8.276530265808105],[73.01125335693354,8.276809692382983],[73.010971069336,8.276805877685604],[73.010971069336,8.277084350586165],[73.01069641113298,8.277084350586165],[73.01069641113298,8.277361869812069],[73.01040649414068,8.277361869812069],[73.01040649414068,8.277919769287337],[73.0101394653322,8.277919769287337],[73.0101394653322,8.279310226440487],[73.00985717773449,8.279310226440487],[73.00985717773449,8.28042030334484],[73.0101394653322,8.28042030334484]]],[[[73.08097076416021,8.327642440796012],[73.08097076416021,8.327080726623763],[73.0806961059572,8.327082633972168],[73.0806961059572,8.326249122619629],[73.08039855957037,8.326251029968205],[73.08039855957037,8.325691223144759],[73.07986450195341,8.325693130493164],[73.07986450195341,8.32541656494135],[73.07958221435564,8.325419425964412],[73.07958221435564,8.325140953064022],[73.07930755615263,8.325140953064022],[73.07930755615263,8.324581146240405],[73.07902526855469,8.32458305358898],[73.07902526855469,8.324027061462516],[73.07875061035185,8.324030876159668],[73.07875061035185,8.323751449585018],[73.0784759521485,8.323751449585018],[73.0784759521485,8.323461532592717],[73.07819366455072,8.323472976684798],[73.07819366455072,8.323195457458723],[73.07791900634771,8.323195457458723],[73.07791900634771,8.322916984558162],[73.07765197753923,8.322918891906738],[73.07765197753923,8.322641372680664],[73.07736206054693,8.322641372680664],[73.07736206054693,8.322360992431868],[73.07680511474621,8.322360992431868],[73.07680511474621,8.322083473205566],[73.07653045654314,8.322083473205566],[73.07653045654314,8.321526527405013],[73.0762481689456,8.32153129577648],[73.0762481689456,8.320970535278548],[73.07597351074219,8.320973396301213],[73.07597351074219,8.320138931274357],[73.07569122314482,8.32014083862316],[73.07569122314482,8.319580078125],[73.07541656494146,8.319582939147892],[73.07541656494146,8.3187513351441],[73.07514190673822,8.3187513351441],[73.07514190673822,8.318195343017635],[73.07485961914068,8.318195343017635],[73.07485961914068,8.31735992431669],[73.0745849609375,8.31735992431669],[73.0745849609375,8.317082405090389],[73.0743026733399,8.317082405090389],[73.0743026733399,8.316526412963924],[73.07402801513689,8.316531181335392],[73.07402801513689,8.31597042083763],[73.07375335693371,8.315972328186035],[73.07375335693371,8.31541633605957],[73.07347106933611,8.31542110443121],[73.07347106933611,8.315140724182072],[73.0731964111331,8.315140724182072],[73.0731964111331,8.314860343933105],[73.07291412353533,8.314860343933105],[73.07291412353533,8.314306259155217],[73.07263946533232,8.314311027526855],[73.07263946533232,8.313750267028922],[73.07235717773443,8.313750267028922],[73.07235717773443,8.313469886779785],[73.07208251953153,8.313471794128361],[73.07208251953153,8.312915802002067],[73.07180786132818,8.312920570373535],[73.07180786132818,8.312361717224178],[73.07151794433588,8.312361717224178],[73.07151794433588,8.311811447143668],[73.0712509155274,8.311811447143668],[73.0712509155274,8.311520576477108],[73.07096862792986,8.31152820587181],[73.07096862792986,8.310972213745174],[73.07069396972662,8.310972213745174],[73.07069396972662,8.31041622161888],[73.07041931152361,8.310420036315861],[73.07041931152361,8.309578895568961],[73.07013702392607,8.30958366394043],[73.07013702392607,8.309027671813965],[73.06986236572283,8.309029579162711],[73.06986236572283,8.308750152588061],[73.06958007812528,8.308750152588061],[73.06958007812528,8.308194160461369],[73.06930541992193,8.308194160461369],[73.06930541992193,8.307915687561206],[73.06903076171903,8.307920455932674],[73.06903076171903,8.306249618530558],[73.06874847412115,8.306249618530558],[73.06874847412115,8.305688858032227],[73.06847381591791,8.305693626403865],[73.06847381591791,8.304862022399902],[73.06819152832037,8.304862022399902],[73.06819152832037,8.304306030273438],[73.06791687011736,8.304309844970817],[73.06791687011736,8.303470611572493],[73.06764221191412,8.303470611572493],[73.06764221191412,8.30263996124279],[73.06735992431658,8.30265140533453],[73.06735992431658,8.301531791687012],[73.0670928955081,8.301531791687012],[73.0670928955081,8.300690650939941],[73.06735992431658,8.30069541931158],[73.06735992431658,8.300139427185286],[73.0670928955081,8.300139427185286],[73.0670928955081,8.297919273376579],[73.06735992431658,8.297919273376579],[73.06735992431658,8.297638893127441],[73.0670928955081,8.297638893127441],[73.0670928955081,8.297080993652571],[73.0668029785158,8.297082901000977],[73.0668029785158,8.296251296997184],[73.06652832031278,8.296251296997184],[73.06652832031278,8.292917251586914],[73.0668029785158,8.292921066284293],[73.0668029785158,8.291799545288029],[73.0668029785158,8.289859771728459],[73.06708526611357,8.289859771728459],[73.06708526611357,8.286279678344954],[73.06708526611357,8.285694122314453],[73.0668029785158,8.285694122314453],[73.0668029785158,8.285415649414062],[73.06652832031278,8.285421371460188],[73.06652832031278,8.285140037536735],[73.06624603271484,8.285140037536735],[73.06624603271484,8.284859657287598],[73.065971374512,8.284859657287598],[73.065971374512,8.28458404541027],[73.06569671630865,8.28458404541027],[73.06569671630865,8.284028053283805],[73.06542205810541,8.284029960632381],[73.06542205810541,8.283749580383414],[73.06513977050787,8.283749580383414],[73.06513977050787,8.283470153808537],[73.06485748291016,8.28347206115734],[73.06485748291016,8.28319358825695],[73.06458282470709,8.28319358825695],[73.06458282470709,8.282637596130485],[73.06430816650408,8.282640457153548],[73.06430816650408,8.282361984252987],[73.06402587890636,8.282361984252987],[73.06402587890636,8.282084465027083],[73.06376647949219,8.282084465027083],[73.06346893310575,8.282084465027083],[73.06346893310575,8.28152847290039],[73.06339263916021,8.28152847290039],[73.0629196166995,8.281541824340877],[73.0629196166995,8.281250000000227],[73.06236267089838,8.281250000000227],[73.06236267089838,8.280969619751033],[73.06153106689459,8.280971527099837],[73.06153106689459,8.280694007873535],[73.06124877929705,8.280694007873535],[73.06124877929705,8.280415534973372],[73.06096649169928,8.28042030334484],[73.06096649169928,8.280139923095874],[73.06069183349626,8.280139923095874],[73.06069183349626,8.27985954284668],[73.06041717529325,8.279862403869572],[73.06041717529325,8.279583930969181],[73.06014251708984,8.279583930969181],[73.06014251708984,8.279306411743107],[73.05957794189459,8.279310226440487],[73.05957794189459,8.27902984619169],[73.05930328369169,8.27902984619169],[73.05930328369169,8.278750419616813],[73.05902862548834,8.278750419616813],[73.05902862548834,8.278471946716252],[73.05874633789057,8.27848052978527],[73.05874633789057,8.278190612792969],[73.05847167968756,8.278194427490348],[73.05847167968756,8.277917861938533],[73.05819702148455,8.277919769287337],[73.05819702148455,8.27764034271246],[73.05790710449224,8.27764034271246],[73.05790710449224,8.277080535888615],[73.05764007568376,8.277084350586165],[73.05764007568376,8.276805877685604],[73.05735778808622,8.276809692382983],[73.05735778808622,8.276530265808105],[73.05708312988298,8.276530265808105],[73.05708312988298,8.276251792907715],[73.05680847167997,8.276251792907715],[73.05680847167997,8.275971412658748],[73.05652618408209,8.275971412658748],[73.05652618408209,8.27569580078125],[73.05639648437511,8.27569580078125],[73.0559692382813,8.27569580078125],[73.0559692382813,8.27544021606468],[73.0559692382813,8.275138854980469],[73.05568695068354,8.275138854980469],[73.05568695068354,8.274861335754395],[73.05541992187506,8.274861335754395],[73.05541992187506,8.274582862854004],[73.05513763427751,8.274582862854004],[73.05513763427751,8.27430534362793],[73.05490875244169,8.274267196655217],[73.05486297607428,8.274026870727539],[73.05471038818388,8.274029731750602],[73.05458068847673,8.274031639099178],[73.05458068847673,8.273880958557186],[73.05458068847673,8.273749351501465],[73.05446624755865,8.273749351501465],[73.05430603027372,8.273749351501465],[73.05430603027372,8.27360057830822],[73.05430603027372,8.273195266723746],[73.05403137207048,8.273195266723746],[73.05403137207048,8.272916793823185],[73.05374908447294,8.272919654846248],[73.05374908447294,8.272350311279297],[73.05347442626959,8.272360801696891],[73.05347442626959,8.271804809570426],[73.05319213867216,8.271809577941895],[73.05319213867216,8.271250724792537],[73.0529174804688,8.271250724792537],[73.0529174804688,8.270971298218058],[73.05263519287104,8.270973205566634],[73.05263519287104,8.270694732666243],[73.05236053466803,8.270694732666243],[73.05236053466803,8.270417213439998],[73.05208587646501,8.270421981811637],[73.05208587646501,8.269861221313704],[73.05180358886724,8.269861221313704],[73.05180358886724,8.269582748413143],[73.05152893066423,8.269582748413143],[73.05152893066423,8.269305229187239],[73.05124664306652,8.269311904907454],[73.05124664306652,8.26903057098383],[73.05097198486345,8.26903057098383],[73.05097198486345,8.26875114440935],[73.05069732666044,8.26875114440935],[73.05069732666044,8.268195152282885],[73.0504150390625,8.268195152282885],[73.0504150390625,8.267916679382495],[73.05014038085966,8.267921447754134],[73.05014038085966,8.267641067504996],[73.04957580566435,8.267641067504996],[73.04957580566435,8.26736068725603],[73.04930877685553,8.26736068725603],[73.04930877685553,8.266804695129338],[73.04875183105474,8.266812324524096],[73.04875183105474,8.266539573669661],[73.04680633544928,8.266539573669661],[73.04680633544928,8.266250610351847],[73.04347229003935,8.266250610351847],[73.04347229003935,8.26597118377697],[73.03736114501982,8.26597118377697],[73.03736114501982,8.266250610351847],[73.0345764160158,8.266250610351847],[73.0345764160158,8.266539573669661],[73.03151702880876,8.266539573669661],[73.03151702880876,8.266812324524096],[73.0306930541995,8.266804695129338],[73.0306930541995,8.267083168029728],[73.02986145019537,8.267083168029728],[73.02986145019537,8.26736068725603],[73.02902984619158,8.26736068725603],[73.02902984619158,8.267641067504996],[73.02819824218778,8.267641067504996],[73.02819061279325,8.267921447754134],[73.02735900878912,8.267916679382495],[73.02735900878912,8.268195152282885],[73.02652740478533,8.268195152282885],[73.02652740478533,8.268470764160384],[73.02402496337885,8.268472671508789],[73.02402496337885,8.26875114440935],[73.02291870117205,8.26875114440935],[73.02291107177751,8.268844604492188],[73.02289581298828,8.26903057098383],[73.02263641357433,8.26903057098383],[73.02263641357433,8.269311904907454],[73.02236175537126,8.269305229187239],[73.02236175537126,8.269582748413143],[73.02180480957031,8.269582748413143],[73.02180480957031,8.269861221313704],[73.02124786376959,8.269861221313704],[73.02124786376959,8.270140647888184],[73.02097320556635,8.270140647888184],[73.02097320556635,8.270421981811637],[73.02041625976562,8.270417213439998],[73.02041625976562,8.270694732666243],[73.02014160156256,8.270694732666243],[73.02014160156256,8.270973205566634],[73.01957702636724,8.270971298218058],[73.01957702636724,8.271250724792537],[73.01930236816423,8.271250724792537],[73.01930236816423,8.271529197693098],[73.01875305175781,8.271529197693098],[73.01875305175781,8.272360801696891],[73.01902770996122,8.272360801696891],[73.01902770996122,8.273195266723746],[73.01875305175781,8.273191452026595],[73.01875305175781,8.274031639099178],[73.01847076416044,8.274026870727539],[73.01847076416044,8.274582862854004],[73.01819610595709,8.274580955505598],[73.01819610595709,8.275420188903752],[73.01790618896513,8.275420188903752],[73.01790618896513,8.276251792907715],[73.0176391601563,8.276248931884822],[73.0176391601563,8.277084350586165],[73.01790618896513,8.277080535888615],[73.01790618896513,8.277361869812069],[73.01819610595709,8.277361869812069],[73.01819610595709,8.27764034271246],[73.01930236816423,8.27764034271246],[73.01930236816423,8.277361869812069],[73.01958465576183,8.277361869812069],[73.01957702636724,8.277080535888615],[73.02014160156256,8.277084350586165],[73.02014160156256,8.276805877685604],[73.02040863037104,8.276809692382983],[73.02040863037104,8.276530265808105],[73.02097320556635,8.276530265808105],[73.02097320556635,8.276251792907715],[73.02153015136747,8.276251792907715],[73.02153015136747,8.275971412658748],[73.02208709716825,8.275971412658748],[73.02208709716825,8.27569580078125],[73.02236175537126,8.27569580078125],[73.02236175537126,8.275415420532454],[73.02263641357433,8.275420188903752],[73.02263641357433,8.275138854980469],[73.02291870117205,8.275138854980469],[73.02291870117205,8.274861335754395],[73.02319335937506,8.274861335754395],[73.02319335937506,8.274582862854004],[73.02347564697283,8.274582862854004],[73.02347564697283,8.272916793823185],[73.02375030517584,8.272919654846248],[73.02375030517584,8.272639274597282],[73.02597045898455,8.272639274597282],[73.02597045898455,8.272350311279297],[73.0279159545899,8.272350311279297],[73.0279159545899,8.272639274597282],[73.02928924560553,8.272639274597282],[73.02928924560553,8.272919654846248],[73.03125000000028,8.272916793823185],[73.03125000000028,8.273195266723746],[73.03180694580107,8.273195266723746],[73.03180694580107,8.273470878601074],[73.03291320800787,8.273470878601074],[73.03291320800787,8.273749351501465],[73.03402709960943,8.273749351501465],[73.03402709960943,8.274031639099178],[73.0345764160158,8.274031639099178],[73.0345764160158,8.274312019348372],[73.04070281982428,8.274312019348372],[73.04070281982428,8.274031639099178],[73.0409698486331,8.274031639099178],[73.0409698486331,8.274312019348372],[73.04208374023443,8.27430534362793],[73.04208374023443,8.274582862854004],[73.04291534423822,8.274582862854004],[73.04291534423822,8.274861335754395],[73.04374694824224,8.274861335754395],[73.04374694824224,8.275138854980469],[73.04457855224638,8.275138854980469],[73.04457855224638,8.275420188903752],[73.04513549804693,8.275415420532454],[73.04513549804693,8.27569580078125],[73.04569244384771,8.27569580078125],[73.04569244384771,8.275971412658748],[73.04596710205072,8.275971412658748],[73.04596710205072,8.276251792907715],[73.04708099365263,8.276251792907715],[73.04708099365263,8.276530265808105],[73.04736328125,8.276530265808105],[73.04736328125,8.276809692382983],[73.04763793945341,8.276805877685604],[73.04763793945341,8.277084350586165],[73.04792022705095,8.277084350586165],[73.04792022705095,8.277361869812069],[73.04818725585943,8.277361869812069],[73.04818725585943,8.27764034271246],[73.0484695434572,8.27764034271246],[73.0484695434572,8.277919769287337],[73.04902648925781,8.277917861938533],[73.04902648925781,8.278194427490348],[73.04930877685553,8.278190612792969],[73.04930877685553,8.27848052978527],[73.04985809326178,8.278471946716252],[73.04985809326178,8.278750419616813],[73.05014038085966,8.278750419616813],[73.05014038085966,8.279310226440487],[73.05069732666044,8.279306411743107],[73.05069732666044,8.279583930969181],[73.05124664306652,8.279583930969181],[73.05124664306652,8.279862403869572],[73.05152893066423,8.27985954284668],[73.05152893066423,8.280139923095874],[73.05208587646501,8.280139923095874],[73.05208587646501,8.28042030334484],[73.05236053466803,8.280415534973372],[73.05236053466803,8.280694007873535],[73.05263519287104,8.280694007873535],[73.05263519287104,8.280971527099837],[73.0529174804688,8.280969619751033],[73.0529174804688,8.281250000000227],[73.05319213867216,8.281250000000227],[73.05319213867216,8.281541824340877],[73.05348205566412,8.281541824340877],[73.05348205566412,8.281812667846737],[73.05403137207048,8.281805992126692],[73.05403137207048,8.282084465027083],[73.05458068847673,8.282084465027083],[73.05458068847673,8.282361984252987],[73.05486297607428,8.282361984252987],[73.05486297607428,8.282640457153548],[73.05568695068354,8.282640457153548],[73.05568695068354,8.283749580383414],[73.0559692382813,8.283749580383414],[73.0559692382813,8.284029960632381],[73.05625152587919,8.284029960632381],[73.05625152587919,8.285140037536735],[73.05652618408209,8.285138130187988],[73.05652618408209,8.285694122314453],[73.05680847167997,8.285694122314453],[73.05680847167997,8.285971641540527],[73.05708312988298,8.285969734192122],[73.05708312988298,8.286531448364371],[73.05735778808622,8.286527633666992],[73.05735778808622,8.287083625793457],[73.05764007568376,8.287083625793457],[73.05764007568376,8.287360191345442],[73.05819702148455,8.287360191345442],[73.05819702148455,8.287640571594238],[73.05847167968756,8.287640571594238],[73.05847167968756,8.287920951843205],[73.05874633789057,8.287920951843205],[73.05874633789057,8.289031028747559],[73.05930328369169,8.289029121399153],[73.05930328369169,8.289582252502385],[73.05957794189459,8.289580345153809],[73.05957794189459,8.29042053222662],[73.05986022949247,8.29041671752924],[73.05986022949247,8.290695190429801],[73.06014251708984,8.290695190429801],[73.06014251708984,8.290972709655705],[73.06041717529325,8.290972709655705],[73.06041717529325,8.291251182556096],[73.06069183349626,8.291251182556096],[73.06069183349626,8.291530609130973],[73.06096649169928,8.291530609130973],[73.06096649169928,8.29181098938011],[73.06124877929705,8.291805267333984],[73.06124877929705,8.29236125946045],[73.06153106689459,8.29236125946045],[73.06153106689459,8.292640686035327],[73.06181335449236,8.292640686035327],[73.06181335449236,8.292921066284293],[73.06208038330084,8.292921066284293],[73.06208038330084,8.293481826782227],[73.06236267089838,8.293473243713379],[73.06236267089838,8.29375076293968],[73.06265258789068,8.293748855590877],[73.06265258789068,8.294311523437614],[73.0629196166995,8.29430484771757],[73.0629196166995,8.294860839844034],[73.06318664550798,8.294860839844034],[73.06318664550798,8.29514122009283],[73.0637512207033,8.295139312744425],[73.0637512207033,8.29569530487089],[73.06402587890636,8.29569530487089],[73.06402587890636,8.296251296997184],[73.06430816650408,8.296251296997184],[73.06430816650408,8.296810150146541],[73.06458282470709,8.296805381775073],[73.06458282470709,8.297082901000977],[73.06485748291016,8.297080993652571],[73.06485748291016,8.297919273376579],[73.06513977050787,8.297919273376579],[73.06513977050787,8.299029350280762],[73.06541442871088,8.299027442932186],[73.06541442871088,8.301252365112532],[73.06571197509771,8.301252365112532],[73.06571197509771,8.30265140533453],[73.065971374512,8.30263996124279],[73.065971374512,8.303193092346191],[73.06624603271484,8.303191184997786],[73.06624603271484,8.30403041839594],[73.06652832031278,8.304027557373047],[73.06652832031278,8.304862022399902],[73.0668029785158,8.304862022399902],[73.0668029785158,8.305972099304256],[73.0670928955081,8.305969238281193],[73.0670928955081,8.306249618530558],[73.06735992431658,8.306249618530558],[73.06735992431658,8.30681037902832],[73.06764221191412,8.306805610657022],[73.06764221191412,8.307359695434513],[73.06791687011736,8.307359695434513],[73.06791687011736,8.307920455932674],[73.06819152832037,8.307915687561206],[73.06819152832037,8.30847167968767],[73.06845855712919,8.30846023559593],[73.06845855712919,8.309310913086165],[73.06874847412115,8.309306144714526],[73.06874847412115,8.30958366394043],[73.06903076171903,8.309578895568961],[73.06903076171903,8.310420036315861],[73.06931304931646,8.310420036315861],[73.06931304931646,8.311249732971419],[73.06958007812528,8.311249732971419],[73.06958007812528,8.311811447143668],[73.06986236572283,8.311805725097713],[73.06986236572283,8.312084197998274],[73.07013702392607,8.312080383300724],[73.07013702392607,8.312640190124569],[73.07041931152361,8.312638282775993],[73.07041931152361,8.313194274902457],[73.07068634033209,8.313190460205078],[73.07068634033209,8.314030647277889],[73.07096862792986,8.314030647277889],[73.07096862792986,8.31459140777605],[73.0712509155274,8.31459140777605],[73.0712509155274,8.315140724182072],[73.07152557373041,8.31513786315918],[73.07152557373041,8.315693855285645],[73.07180786132818,8.315693855285645],[73.07180786132818,8.316250801086426],[73.07208251953153,8.316250801086426],[73.07208251953153,8.31681060791027],[73.07235717773443,8.31681060791027],[73.07235717773443,8.31735992431669],[73.07263946533232,8.31735992431669],[73.07263946533232,8.317649841308594],[73.07291412353533,8.31763935089134],[73.07291412353533,8.31847286224371],[73.0731964111331,8.318470001220646],[73.0731964111331,8.319028854370401],[73.07347106933611,8.319028854370401],[73.07347106933611,8.319309234619368],[73.07375335693371,8.319305419921989],[73.07375335693371,8.319861412048283],[73.07402801513689,8.319861412048283],[73.07402801513689,8.320421218872298],[73.0743026733399,8.320417404174748],[73.0743026733399,8.32069492340105],[73.0745925903322,8.320690155029354],[73.0745925903322,8.321250915527514],[73.07485961914068,8.321250915527514],[73.07485961914068,8.321811676025618],[73.07514190673822,8.321806907653809],[73.07514190673822,8.322360992431868],[73.07541656494146,8.322360992431868],[73.07541656494146,8.322641372680664],[73.07569122314482,8.322639465332259],[73.07569122314482,8.323195457458723],[73.07596588134783,8.323189735412598],[73.07596588134783,8.323751449585018],[73.0762481689456,8.323751449585018],[73.0762481689456,8.324030876159668],[73.07653045654314,8.324030876159668],[73.07653045654314,8.324310302734375],[73.07681274414091,8.324310302734375],[73.07681274414091,8.325140953064022],[73.07707977294939,8.325140953064022],[73.07707977294939,8.325419425964412],[73.07819366455072,8.32541656494135],[73.07819366455072,8.325693130493164],[73.07902526855469,8.325693130493164],[73.07902526855469,8.325972557067814],[73.07930755615263,8.325970649719238],[73.07930755615263,8.326251029968205],[73.07958221435564,8.326251029968205],[73.07958221435564,8.326528549194279],[73.07986450195341,8.326526641845703],[73.07986450195341,8.327082633972168],[73.08013916015642,8.327082633972168],[73.08013916015642,8.327361106872559],[73.08039855957037,8.327359199524153],[73.08039855957037,8.32792186737089],[73.0806884765625,8.32792186737089],[73.0806961059572,8.327710151672363],[73.08097076416021,8.327642440796012]]],[[[72.29013824462908,10.049583435058821],[72.29013824462908,10.049027442932356],[72.28985595703153,10.049030303955078],[72.28985595703153,10.048471450805721],[72.28958129882818,10.048473358154297],[72.28958129882818,10.048194885253906],[72.28930664062528,10.048194885253906],[72.28930664062528,10.047638893127441],[72.28874969482416,10.047638893127441],[72.28874969482416,10.047080993652571],[72.28847503662115,10.047082901000977],[72.28847503662115,10.046251296997184],[72.28819274902361,10.046251296997184],[72.28819274902361,10.04569530487072],[72.28791809082037,10.04569530487072],[72.28791809082037,10.043748855591105],[72.28763580322283,10.043748855591105],[72.28763580322283,10.04263877868675],[72.28736114501982,10.042640686035156],[72.28736114501982,10.042071342468375],[72.28708648681658,10.042082786560059],[72.28708648681658,10.041251182556096],[72.2867965698245,10.041251182556096],[72.2867965698245,10.040690422058333],[72.28652954101568,10.04069519042963],[72.28652954101568,10.04041671752924],[72.28624725341825,10.04042053222679],[72.28624725341825,10.040141105651912],[72.28595733642584,10.040141105651912],[72.28595733642584,10.039860725402775],[72.28569793701166,10.039860725402775],[72.28569793701166,10.039582252502385],[72.28541564941412,10.039582252502385],[72.28541564941412,10.039306640625057],[72.28514099121111,10.039319992065373],[72.28514099121111,10.039031028747559],[72.2845764160158,10.039031028747559],[72.2845764160158,10.038750648498592],[72.28430938720732,10.038750648498592],[72.28430175781261,10.038470268249625],[72.28402709960955,10.038473129272688],[72.28402709960955,10.038193702698038],[72.2834701538086,10.038193702698038],[72.2834701538086,10.037916183471737],[72.28180694580084,10.037916183471737],[72.28180694580084,10.038193702698038],[72.2815246582033,10.038193702698038],[72.2815246582033,10.038473129272688],[72.28125000000011,10.038470268249625],[72.28125000000011,10.039319992065373],[72.28151702880876,10.039319992065373],[72.28151702880876,10.040141105651912],[72.28180694580084,10.040139198303336],[72.28180694580084,10.04069519042963],[72.2820816040039,10.04069519042963],[72.2820816040039,10.040972709655705],[72.28235626220709,10.04096984863304],[72.28235626220709,10.041251182556096],[72.28263854980463,10.041251182556096],[72.28263854980463,10.041530609130973],[72.2829208374024,10.041530609130973],[72.2829208374024,10.04181098938011],[72.28319549560575,10.041805267333984],[72.28319549560575,10.04236125946045],[72.2834701538086,10.04236125946045],[72.2834701538086,10.042921066284293],[72.28375244140653,10.042917251586914],[72.28375244140653,10.043473243713606],[72.28402709960955,10.043473243713606],[72.28402709960955,10.043748855591105],[72.28430175781261,10.043748855591105],[72.28430175781261,10.044029235840071],[72.2845764160158,10.044029235840071],[72.2845764160158,10.044311523437614],[72.28485870361334,10.04430484771757],[72.28485870361334,10.04458332061796],[72.28514099121111,10.04458332061796],[72.28514099121111,10.045139312744425],[72.28542327880865,10.04512977600092],[72.28542327880865,10.045421600341797],[72.28569793701166,10.045416831970329],[72.28569793701166,10.04569530487072],[72.28595733642584,10.04569053649925],[72.28595733642584,10.046251296997184],[72.28624725341825,10.046251296997184],[72.28624725341825,10.046531677246321],[72.28652954101568,10.046526908874512],[72.28652954101568,10.047082901000977],[72.28680419921903,10.047082901000977],[72.28680419921903,10.047361373901367],[72.28708648681658,10.047361373901367],[72.28708648681658,10.047638893127441],[72.28736114501982,10.047638893127441],[72.28736114501982,10.047920227050895],[72.28763580322283,10.047917366027832],[72.28763580322283,10.048194885253906],[72.28819274902361,10.048191070556925],[72.28819274902361,10.049030303955078],[72.28874969482416,10.049030303955078],[72.28874969482416,10.049309730529728],[72.28930664062528,10.04930496215826],[72.28930664062528,10.049583435058821],[72.29013824462908,10.049583435058821]]],[[[73.63346862792986,10.070419311523551],[73.63346862792986,10.07014083862316],[73.63375091552746,10.07014083862316],[73.63375091552746,10.0687513351441],[73.63291931152344,10.0687513351441],[73.63291931152344,10.068195343017635],[73.63236236572271,10.068195343017635],[73.63236236572271,10.068472862243937],[73.63180541992193,10.068472862243937],[73.63180541992193,10.068195343017635],[73.63153076171875,10.068195343017635],[73.63153076171875,10.06763935089117],[73.63124847412115,10.067641258239746],[73.63124847412115,10.06736087799078],[73.63041687011736,10.06736087799078],[73.63041687011736,10.067641258239746],[73.63014221191435,10.06763935089117],[73.63014221191435,10.068195343017635],[73.62985992431658,10.068195343017635],[73.62985992431658,10.0687513351441],[73.63041687011736,10.0687513351441],[73.63041687011736,10.069028854370401],[73.63097381591814,10.069028854370401],[73.63097381591814,10.069305419921818],[73.63180541992193,10.069305419921818],[73.63180541992193,10.069582939147892],[73.63208007812528,10.069582939147892],[73.63208007812528,10.069861412048283],[73.63236236572271,10.069861412048283],[73.63236236572271,10.07014083862316],[73.63263702392607,10.07014083862316],[73.63263702392607,10.070419311523551],[73.63346862792986,10.070419311523551]]],[[[73.62902832031278,10.075141906738509],[73.62902832031278,10.074860572814885],[73.62930297851568,10.074860572814885],[73.62930297851568,10.07458305358898],[73.62958526611357,10.07458305358898],[73.62958526611357,10.074027061462516],[73.62930297851568,10.074031829833984],[73.62930297851568,10.073471069336051],[73.62902832031278,10.073471069336051],[73.62902832031278,10.072916984558333],[73.6287460327149,10.072918891906738],[73.6287460327149,10.072641372680664],[73.62847137451166,10.072641372680664],[73.62847137451166,10.072360992431697],[73.62819671630865,10.072360992431697],[73.62819671630865,10.072083473205794],[73.62791442871111,10.072083473205794],[73.62791442871111,10.071805000305403],[73.62652587890653,10.071805000305403],[73.62652587890653,10.072083473205794],[73.62625122070318,10.072083473205794],[73.62625122070318,10.072360992431697],[73.62613677978544,10.072360992431697],[73.62596893310575,10.072360992431697],[73.62596893310575,10.072641372680664],[73.62568664550787,10.072641372680664],[73.62568664550787,10.072918891906738],[73.62541961669916,10.072916984558333],[73.62541961669916,10.073195457458553],[73.6256942749024,10.073195457458553],[73.6256942749024,10.073471069336051],[73.62586975097662,10.073471069336051],[73.62625122070318,10.073471069336051],[73.62625122070318,10.073751449585188],[73.62680816650408,10.073751449585188],[73.62680816650408,10.074031829833984],[73.62735748291033,10.074031829833984],[73.62735748291033,10.074310302734375],[73.62791442871111,10.07430458068859],[73.62791442871111,10.07458305358898],[73.62819671630865,10.074581146240405],[73.62819671630865,10.075141906738509],[73.62902832031278,10.075141906738509]]],[[[73.65152740478544,10.104310035705566],[73.65152740478544,10.10263919830328],[73.65180206298828,10.10263919830328],[73.65180206298828,10.101531982421989],[73.65207672119169,10.101531982421989],[73.65207672119169,10.100421905517635],[73.65180206298828,10.100421905517635],[73.65180206298828,10.098470687866381],[73.65208435058622,10.098472595214957],[73.65208435058622,10.097916603088493],[73.65180206298828,10.097922325134448],[73.65180206298828,10.097640991211165],[73.65207672119169,10.097640991211165],[73.65207672119169,10.095971107482967],[73.65180206298828,10.09597301483177],[73.65180206298828,10.094582557678223],[73.65152740478544,10.094582557678223],[73.65152740478544,10.094306945800724],[73.65125274658209,10.094308853149528],[73.65125274658209,10.093469619751204],[73.65097045898432,10.093473434448356],[73.65097045898432,10.092638015747013],[73.6506958007813,10.092640876770076],[73.6506958007813,10.09097003936779],[73.6504135131836,10.090971946716365],[73.6504135131836,10.089305877685547],[73.65013885498053,10.089310646057413],[73.65013885498053,10.087921142578352],[73.64985656738298,10.087921142578352],[73.64985656738298,10.087370872497672],[73.6495819091798,10.087370872497672],[73.6495819091798,10.085688591003475],[73.64930725097673,10.0856943130496],[73.64930725097673,10.084028244018782],[73.64901733398466,10.084030151367188],[73.64901733398466,10.083749771118391],[73.64875030517578,10.083749771118391],[73.64875030517578,10.08236026763916],[73.64847564697294,10.082362174987736],[73.64847564697294,10.08152770996088],[73.64875030517578,10.081529617309684],[73.64875030517578,10.0812406539917],[73.64847564697294,10.081250190734806],[73.64847564697294,10.080694198608512],[73.64819335937506,10.080694198608512],[73.64819335937506,10.079027175903377],[73.64791870117182,10.079031944275073],[73.64791870117182,10.07820034027128],[73.64819335937506,10.07820034027128],[73.64819335937506,10.077080726623592],[73.64791870117182,10.077082633972168],[73.64791870117182,10.076526641845703],[73.64819335937506,10.076530456543082],[73.64819335937506,10.075691223144759],[73.64791870117182,10.075693130493164],[73.64791870117182,10.07458305358898],[73.64819335937506,10.07458305358898],[73.64819335937506,10.073471069336051],[73.64791870117182,10.073471069336051],[73.64791870117182,10.072916984558333],[73.64819335937506,10.072918891906738],[73.64819335937506,10.071250915527344],[73.64875030517578,10.071250915527344],[73.64875030517578,10.070970535278548],[73.64902496337919,10.07097339630144],[73.64902496337919,10.07069492340105],[73.64847564697294,10.07069492340105],[73.64847564697294,10.070417404174748],[73.64791870117182,10.070419311523551],[73.64791870117182,10.07014083862316],[73.64819335937506,10.07014083862316],[73.64819335937506,10.069299697876033],[73.64847564697294,10.069305419921818],[73.64847564697294,10.0687513351441],[73.64819335937506,10.0687513351441],[73.64819335937506,10.068472862243937],[73.64847564697294,10.068472862243937],[73.64847564697294,10.066250801086426],[73.64819335937506,10.06626033782976],[73.64819335937506,10.06320095062273],[73.64791870117182,10.06320095062273],[73.64791870117182,10.061249732971248],[73.64763641357428,10.061249732971248],[73.64763641357428,10.060131072998047],[73.6473617553711,10.060137748718489],[73.6473617553711,10.058750152588061],[73.64708709716803,10.058750152588061],[73.64708709716803,10.0584716796875],[73.64680480957048,10.0584716796875],[73.64680480957048,10.057640075683707],[73.6462478637697,10.057640075683707],[73.6462478637697,10.05735969543474],[73.64569091796892,10.05735969543474],[73.64569091796892,10.057084083557413],[73.64180755615263,10.057084083557413],[73.64180755615263,10.05735969543474],[73.6412506103515,10.05735969543474],[73.6412506103515,10.057640075683707],[73.6409759521485,10.057640075683707],[73.6409759521485,10.057920455932845],[73.64041900634771,10.057915687561206],[73.64041900634771,10.058194160461596],[73.64013671875017,10.058194160461596],[73.64013671875017,10.0584716796875],[73.63986206054716,10.0584716796875],[73.63986206054716,10.05902957916254],[73.63957977294939,10.059027671813965],[73.63957977294939,10.05986213684082],[73.63931274414091,10.059860229492415],[73.63931274414091,10.060420989990348],[73.63986206054716,10.06041622161871],[73.63986206054716,10.060693740844954],[73.64013671875017,10.060693740844954],[73.64013671875017,10.060972213745345],[73.64041137695318,10.060970306396769],[73.64041137695318,10.061249732971248],[73.64013671875017,10.061249732971248],[73.64013671875017,10.061811447143668],[73.63957977294939,10.061811447143668],[73.63957977294939,10.062641143799055],[73.63931274414091,10.062641143799055],[73.63931274414091,10.06320095062273],[73.63903045654303,10.063194274902457],[73.63903045654303,10.063750267028752],[73.6387481689456,10.063750267028752],[73.6387481689456,10.064030647277889],[73.63846588134771,10.064030647277889],[73.63846588134771,10.064311027527083],[73.6387481689456,10.06430435180664],[73.6387481689456,10.064584732055607],[73.63846588134771,10.06457996368431],[73.63846588134771,10.065140724182072],[73.63819122314447,10.065140724182072],[73.63819122314447,10.06626033782976],[73.63791656494146,10.06626033782976],[73.63791656494146,10.066531181335392],[73.63764190673845,10.066531181335392],[73.63764190673845,10.067920684814453],[73.63735961914068,10.067916870117244],[73.63735961914068,10.068195343017635],[73.63708496093767,10.068195343017635],[73.63708496093767,10.068472862243937],[73.63680267333996,10.068470954894963],[73.63680267333996,10.069028854370401],[73.63652801513689,10.069028854370401],[73.63652801513689,10.069582939147892],[73.63625335693388,10.069580078125227],[73.63625335693388,10.07014083862316],[73.63597106933594,10.07014083862316],[73.63597106933594,10.070419311523551],[73.6356964111331,10.070417404174748],[73.6356964111331,10.07069492340105],[73.63541412353521,10.07069492340105],[73.63541412353521,10.072083473205794],[73.63597106933594,10.072083473205794],[73.63597106933594,10.072360992431697],[73.63625335693388,10.072360992431697],[73.63625335693388,10.072083473205794],[73.63652801513689,10.072083473205794],[73.63652801513689,10.071805000305403],[73.63707733154314,10.071811676025447],[73.63707733154314,10.07153129577648],[73.63735198974615,10.07153129577648],[73.63735198974615,10.071250915527344],[73.63791656494146,10.071250915527344],[73.63791656494146,10.070970535278548],[73.64041137695318,10.070970535278548],[73.64041137695318,10.071250915527344],[73.6409759521485,10.071250915527344],[73.6409759521485,10.07153129577648],[73.6412506103515,10.071526527404842],[73.6412506103515,10.072083473205794],[73.64153289794928,10.072080612182901],[73.64153289794928,10.072641372680664],[73.64180755615263,10.072639465332259],[73.64180755615263,10.073471069336051],[73.64208221435553,10.073471069336051],[73.64208221435553,10.073751449585188],[73.64235687255888,10.073751449585188],[73.64235687255888,10.074031829833984],[73.64263916015642,10.074031829833984],[73.64263916015642,10.074310302734375],[73.64291381835966,10.07430458068859],[73.64291381835966,10.074860572814885],[73.64347076416021,10.074860572814885],[73.64347076416021,10.075430870056152],[73.64375305175798,10.07541656494135],[73.64375305175798,10.075972557067814],[73.644027709961,10.075970649719238],[73.644027709961,10.076251983642692],[73.644302368164,10.076251983642692],[73.644302368164,10.076530456543082],[73.64458465576178,10.076526641845703],[73.64458465576178,10.077082633972168],[73.64485931396513,10.077080726623592],[73.64485931396513,10.07763862609886],[73.64514160156256,10.07763862609886],[73.64514160156256,10.079031944275073],[73.64541625976591,10.079031944275073],[73.64541625976591,10.080142021179427],[73.64569091796892,10.080140113830623],[73.64569091796892,10.081250190734806],[73.64597320556669,10.081250190734806],[73.64597320556669,10.082362174987736],[73.6462478637697,10.08236026763916],[73.6462478637697,10.082920074463004],[73.6465301513673,10.082916259765625],[73.6465301513673,10.08347225189209],[73.64679718017595,10.083470344543514],[73.64679718017595,10.083749771118391],[73.6465301513673,10.083749771118391],[73.6465301513673,10.084305763244686],[73.64680480957048,10.084305763244686],[73.64680480957048,10.084584236145247],[73.64708709716803,10.084584236145247],[73.64708709716803,10.085971832275504],[73.6473617553711,10.085971832275504],[73.6473617553711,10.086250305175895],[73.64763641357428,10.086250305175895],[73.64763641357428,10.087921142578352],[73.64791870117182,10.087916374206543],[73.64791870117182,10.088472366333008],[73.64819335937506,10.088470458984602],[73.64819335937506,10.089031219482536],[73.64791870117182,10.089031219482536],[73.64791870117182,10.089310646057413],[73.64847564697294,10.089305877685547],[73.64847564697294,10.089584350585938],[73.64819335937506,10.089584350585938],[73.64819335937506,10.090971946716365],[73.64847564697294,10.090971946716365],[73.64847564697294,10.092082023620549],[73.64875030517578,10.092080116271973],[73.64875030517578,10.092640876770076],[73.64930725097673,10.092640876770076],[73.64930725097673,10.09375095367426],[73.6495819091798,10.09375095367426],[73.6495819091798,10.094308853149528],[73.64986419677751,10.094306945800724],[73.64986419677751,10.094582557678223],[73.65013885498053,10.094582557678223],[73.65013885498053,10.09569454193138],[73.6504135131836,10.09569454193138],[73.6504135131836,10.09597301483177],[73.6506958007813,10.095971107482967],[73.6506958007813,10.097922325134448],[73.65097045898432,10.097922325134448],[73.65097045898432,10.099311828613281],[73.65125274658209,10.099311828613281],[73.65125274658209,10.104310035705566],[73.65152740478544,10.104310035705566]]],[[[72.32791900634771,10.136529922485352],[72.32791900634771,10.136249542236555],[72.32819366455107,10.136249542236555],[72.32818603515653,10.135690689087198],[72.32847595214861,10.13569355011009],[72.32847595214861,10.135137557983398],[72.32875061035185,10.13514041900629],[72.32875061035185,10.13347053527849],[72.32902526855486,10.13347053527849],[72.32902526855486,10.132639884948787],[72.3293075561524,10.13264179229759],[72.3293075561524,10.13208103179926],[72.32958221435564,10.132082939148233],[72.32958221435564,10.131526947021541],[72.32985687255865,10.131529808044434],[72.32985687255865,10.131249427795467],[72.3301391601562,10.131249427795467],[72.3301391601562,10.130970954895076],[72.33041381835943,10.130970954895076],[72.33041381835943,10.130695343017578],[72.33069610595732,10.130695343017578],[72.33069610595732,10.129583358764648],[72.33097076416021,10.129583358764648],[72.33097076416021,10.128748893737793],[72.3312530517581,10.128748893737793],[72.3312530517581,10.128194808959904],[72.33152770996111,10.128194808959904],[72.33152770996111,10.127082824707145],[72.33180236816435,10.127082824707145],[72.33180236816435,10.12694168090826],[72.33180236816435,10.124860763549862],[72.33097076416021,10.124858856201456],[72.33097076416021,10.125421524047965],[72.33069610595732,10.125416755676497],[72.33069610595732,10.125970840454215],[72.33041381835943,10.125970840454215],[72.33041381835943,10.126251220703352],[72.3301391601562,10.126251220703352],[72.3301391601562,10.126541137695256],[72.32847595214861,10.126541137695256],[72.32847595214861,10.126251220703352],[72.32736206054693,10.126251220703352],[72.32736206054693,10.126541137695256],[72.32624816894537,10.126541137695256],[72.32624816894537,10.126811981201115],[72.32597351074236,10.12680530548107],[72.32597351074236,10.128194808959904],[72.32624816894537,10.128190994262923],[72.32624816894537,10.129309654235897],[72.32653045654314,10.129309654235897],[72.32653045654314,10.13041973114008],[72.32681274414068,10.13041973114008],[72.32681274414068,10.1318101882934],[72.32653045654314,10.131805419921932],[72.32653045654314,10.13319301605219],[72.32624816894537,10.133191108703613],[72.32624816894537,10.135419845581168],[72.32653045654314,10.135417938232592],[72.32653045654314,10.13569355011009],[72.32680511474615,10.13569355011009],[72.32680511474615,10.135972023010254],[72.32707977294916,10.135972023010254],[72.32707977294916,10.136249542236555],[72.32736206054693,10.136249542236555],[72.32736206054693,10.136529922485352],[72.32791900634771,10.136529922485352]]],[[[73.6609725952149,10.155973434448299],[73.6609725952149,10.155693054199332],[73.66124725341825,10.155693054199332],[73.66124725341825,10.155138969421444],[73.66153717041021,10.155141830444336],[73.66153717041021,10.154250144958723],[73.66152954101562,10.15291690826416],[73.6617965698245,10.152921676635799],[73.6617965698245,10.150690078735579],[73.66208648681658,10.150694847107047],[73.66208648681658,10.149582862854288],[73.66236114501964,10.149582862854288],[73.66236114501964,10.148751258850098],[73.66263580322283,10.148751258850098],[73.66263580322283,10.147916793823242],[73.66291809082037,10.147920608520621],[73.66291809082037,10.147360801696777],[73.66319274902344,10.147360801696777],[73.66319274902344,10.146529197692814],[73.66348266601568,10.146531105041788],[73.66348266601568,10.145689964294661],[73.66374969482416,10.14569377899187],[73.66374969482416,10.145137786865178],[73.66401672363287,10.14514064788824],[73.66401672363287,10.144579887390137],[73.66430664062528,10.144584655761776],[73.66430664062528,10.144027709961222],[73.66458129882812,10.144030570983887],[73.66458129882812,10.143190383911303],[73.66486358642607,10.143194198608455],[73.66486358642607,10.141805648803711],[73.66513824462908,10.141811370849666],[73.66513824462908,10.139860153198413],[73.66486358642607,10.139862060546989],[73.66486358642607,10.138471603393668],[73.66458129882812,10.138481140136776],[73.66458129882812,10.137639999389705],[73.66430664062528,10.137639999389705],[73.66430664062528,10.136529922485352],[73.66401672363287,10.136529922485352],[73.66401672363287,10.135690689087198],[73.66374969482416,10.13569355011009],[73.66374969482416,10.1348619461059],[73.66347503662115,10.1348619461059],[73.66347503662115,10.13374996185297],[73.66319274902344,10.133751869201944],[73.66319274902344,10.13264179229759],[73.66291809082037,10.13264179229759],[73.66291809082037,10.13208103179926],[73.66263580322283,10.132082939148233],[73.66263580322283,10.131249427795467],[73.66236114501964,10.131249427795467],[73.66236114501964,10.130416870117188],[73.66208648681658,10.13041973114008],[73.66208648681658,10.129860877990723],[73.66124725341825,10.129860877990723],[73.66124725341825,10.130139350891113],[73.6609725952149,10.130139350891113],[73.6609725952149,10.130970954895076],[73.66124725341825,10.130970954895076],[73.66124725341825,10.132362365722884],[73.66152954101562,10.132362365722884],[73.66152954101562,10.13347053527849],[73.6617965698245,10.13347053527849],[73.6617965698245,10.134309768676985],[73.66208648681658,10.134309768676985],[73.66208648681658,10.135419845581168],[73.66236114501964,10.135417938232592],[73.66236114501964,10.135972023010254],[73.66263580322283,10.135972023010254],[73.66263580322283,10.138194084167765],[73.66291809082037,10.138194084167765],[73.66291809082037,10.140972137451172],[73.66319274902344,10.140970230102766],[73.66319274902344,10.142640113830566],[73.66291809082037,10.142638206482161],[73.66291809082037,10.14375019073492],[73.66263580322283,10.14375019073492],[73.66263580322283,10.14514064788824],[73.66236114501964,10.145137786865178],[73.66236114501964,10.14569377899187],[73.66208648681658,10.145689964294661],[73.66208648681658,10.146250724792424],[73.66180419921903,10.146250724792424],[73.66180419921903,10.147082328796387],[73.66152954101562,10.147082328796387],[73.66152954101562,10.148195266723633],[73.66124725341825,10.148189544677678],[73.66124725341825,10.149311065673942],[73.6609725952149,10.149305343627987],[73.6609725952149,10.150138854980753],[73.66069793701166,10.150138854980753],[73.66069793701166,10.150694847107047],[73.66041564941412,10.150694847107047],[73.66041564941412,10.152083396911792],[73.66014099121094,10.1520805358889],[73.66014099121094,10.152641296386832],[73.6595764160158,10.152641296386832],[73.6595764160158,10.152921676635799],[73.65930938720714,10.152921676635799],[73.65930175781256,10.152641296386832],[73.65883636474626,10.152639389038256],[73.65875244140653,10.152639389038256],[73.65875244140653,10.152921676635799],[73.65847778320312,10.152921676635799],[73.65847778320312,10.154310226440543],[73.65875244140653,10.154305458068904],[73.65875244140653,10.15486145019554],[73.65902709960955,10.15486145019554],[73.65902709960955,10.155141830444336],[73.65930175781256,10.155141830444336],[73.65930175781256,10.155420303344727],[73.65958404541033,10.155417442322005],[73.65958404541033,10.155693054199332],[73.65985870361334,10.155693054199332],[73.65985870361334,10.155973434448299],[73.6609725952149,10.155973434448299]]],[[[72.64208221435553,10.577361106872672],[72.64208221435553,10.577081680297965],[72.64514160156256,10.577081680297965],[72.64514160156256,10.576804161071891],[72.6456909179688,10.576810836791935],[72.6456909179688,10.576531410217285],[72.64624786376953,10.576531410217285],[72.64624786376953,10.576251029968319],[72.64653015136747,10.576251029968319],[72.64653015136747,10.575969696045036],[72.64680480957048,10.575972557067928],[72.64680480957048,10.575694084167708],[72.64708709716808,10.575694084167708],[72.64708709716808,10.575138092041072],[72.64736175537126,10.575140953063965],[72.64736175537126,10.574872016906681],[72.64763641357428,10.574872016906681],[72.64763641357428,10.574580192565975],[72.64791870117188,10.574582099914608],[72.64791870117188,10.574028015136719],[72.64819335937506,10.574030876159782],[72.64819335937506,10.573470115661621],[72.6484756469726,10.573472023010254],[72.6484756469726,10.572916030883789],[72.64875030517584,10.572920799255428],[72.64875030517584,10.572640419006461],[72.64901733398466,10.572640419006461],[72.64901733398466,10.5720796585083],[72.64930725097662,10.572084426879996],[72.64930725097662,10.571249961853141],[72.64958190917997,10.571249961853141],[72.64958190917997,10.570710182189998],[72.64958190917997,10.570137977600154],[72.64985656738298,10.570141792297363],[72.64985656738298,10.56958198547369],[72.65013885498058,10.56958198547369],[72.65013885498058,10.568194389343262],[72.64986419677751,10.568194389343262],[72.64986419677751,10.566528320312614],[72.64958190917997,10.56653022766119],[72.64958190917997,10.564580917358512],[72.64930725097662,10.564583778381575],[72.64930725097662,10.563750267028865],[72.64901733398466,10.563750267028865],[72.64901733398466,10.561809539794979],[72.64875030517584,10.561809539794979],[72.64875030517584,10.561532020569075],[72.64848327636719,10.561532020569075],[72.64848327636719,10.561251640319938],[72.64819335937506,10.561251640319938],[72.64819335937506,10.5609712600708],[72.64763641357428,10.5609712600708],[72.64763641357428,10.560694694519157],[72.64736175537126,10.560694694519157],[72.64736175537126,10.560415267944279],[72.64708709716808,10.56042194366455],[72.64708709716808,10.559869766235408],[72.64653015136747,10.559869766235408],[72.64653015136747,10.559580802917424],[72.64541625976557,10.559582710266227],[72.64541625976557,10.559305191040153],[72.64458465576178,10.559305191040153],[72.64458465576178,10.559582710266227],[72.64430236816423,10.559582710266227],[72.64430236816423,10.559305191040153],[72.64409637451172,10.559311866760368],[72.64402770996105,10.559090614318961],[72.64390563964844,10.559077262878475],[72.64347076416044,10.559028625488509],[72.64347076416044,10.558718681335677],[72.64347076416044,10.558472633361873],[72.64327239990246,10.558472633361873],[72.64236450195307,10.558472633361873],[72.64236450195307,10.558195114135799],[72.64125061035173,10.558195114135799],[72.64125061035173,10.557916641235408],[72.64097595214855,10.557918548583984],[72.64097595214855,10.55764102935791],[72.63986206054716,10.55764102935791],[72.63986206054716,10.557360649108944],[72.63930511474638,10.557360649108944],[72.63930511474638,10.557083129882812],[72.63957977294928,10.557083129882812],[72.63957977294928,10.556804656982422],[72.63903045654303,10.556810379028377],[72.63903045654303,10.556530952453727],[72.63819122314453,10.556530952453727],[72.63819122314453,10.55625057220459],[72.63625335693388,10.55625057220459],[72.63625335693388,10.555971145629883],[72.63569641113276,10.555973052978459],[72.63569641113276,10.555694580078068],[72.63541412353521,10.555694580078068],[72.63541412353521,10.555417060851994],[72.63485717773443,10.555421829223633],[72.63485717773443,10.555141448974666],[72.63403320312517,10.555141448974666],[72.63403320312517,10.5548610687257],[72.63375091552763,10.5548610687257],[72.63375091552763,10.554582595825138],[72.63346862792969,10.554582595825138],[72.63346862792969,10.55430698394781],[72.63318634033232,10.554308891296444],[72.63318634033232,10.553739547729435],[72.6329193115235,10.553750991821346],[72.6329193115235,10.553194999695052],[72.63263702392572,10.553194999695052],[72.63263702392572,10.55291652679449],[72.63208770751953,10.552921295165959],[72.63208770751953,10.552640914916992],[72.63124847412121,10.552640914916992],[72.63124847412121,10.552360534668196],[72.6306915283206,10.552360534668196],[72.6306915283206,10.552083015441951],[72.63041687011719,10.552083015441951],[72.63041687011719,10.551804542541731],[72.63014221191435,10.551811218261776],[72.63014221191435,10.551530838012638],[72.62959289550776,10.551530838012638],[72.62959289550776,10.551251411437988],[72.6290283203125,10.551251411437988],[72.6290283203125,10.550970077514876],[72.62875366210943,10.550972938537598],[72.62875366210943,10.550695419311523],[72.62847137451189,10.550695419311523],[72.62847137451189,10.550416946411133],[72.62790679931658,10.55041885375988],[72.62790679931658,10.550141334533805],[72.6276397705081,10.550141334533805],[72.6276397705081,10.549860000610352],[72.62708282470732,10.549860000610352],[72.62708282470732,10.549581527709961],[72.62680816650396,10.549581527709961],[72.62680816650396,10.54930686950695],[72.62652587890653,10.549310684204102],[72.62652587890653,10.549031257629451],[72.62625122070318,10.549031257629451],[72.62625122070318,10.548750877380485],[72.62541961669939,10.548750877380485],[72.62541961669939,10.548469543457031],[72.62513732910162,10.548472404480094],[72.62513732910162,10.548193931579704],[72.62486267089861,10.548193931579704],[72.62486267089861,10.54791641235363],[72.6245803833009,10.547929763793945],[72.6245803833009,10.547640800476131],[72.62431335449219,10.547640800476131],[72.62431335449219,10.54708003997797],[72.62403106689482,10.547081947326774],[72.62403106689482,10.546806335449276],[72.62374877929693,10.546811103820914],[72.62374877929693,10.546530723571777],[72.6234664916995,10.546530723571777],[72.6234664916995,10.54625034332281],[72.62319183349615,10.54625034332281],[72.62319183349615,10.54597187042242],[72.62291717529291,10.54597187042242],[72.62291717529291,10.545694351196289],[72.6226425170899,10.545694351196289],[72.6226425170899,10.545415878295955],[72.62236022949219,10.545420646667594],[72.62236022949219,10.545140266418457],[72.62209320068371,10.545140266418457],[72.62209320068371,10.544580459594954],[72.62180328369158,10.544584274291935],[72.62180328369158,10.54402828216547],[72.6215286254884,10.544030189514274],[72.6215286254884,10.543751716613883],[72.6212463378908,10.543751716613883],[72.6212463378908,10.54347038269043],[72.62097167968778,10.543472290039006],[72.62097167968778,10.543193817138615],[72.62069702148443,10.543193817138615],[72.62069702148443,10.542916297912711],[72.62040710449247,10.54292011260992],[72.62040710449247,10.542639732360954],[72.62014770507818,10.542639732360954],[72.62014770507818,10.542360305786246],[72.61985778808588,10.542362213134822],[72.61985778808588,10.542083740234432],[72.61958312988287,10.542083740234432],[72.61958312988287,10.541806221008358],[72.61902618408209,10.541806221008358],[72.61902618408209,10.541527748107967],[72.61875152587908,10.5415296554566],[72.61875152587908,10.541250228882063],[72.61818695068376,10.541250228882063],[72.61818695068376,10.540969848632926],[72.61791992187528,10.540971755981502],[72.61791992187528,10.540694236755598],[72.61708068847662,10.540694236755598],[72.61708068847662,10.540415763855208],[72.61624908447266,10.540415763855208],[72.61624908447266,10.540694236755598],[72.61541748046886,10.540694236755598],[72.61541748046886,10.540971755981502],[72.61513519287126,10.540971755981502],[72.61513519287126,10.542362213134822],[72.61541748046886,10.542360305786246],[72.61541748046886,10.54292011260992],[72.61569213867205,10.542916297912711],[72.61569213867205,10.543193817138615],[72.61597442626959,10.543193817138615],[72.61597442626959,10.543472290039006],[72.61624908447266,10.54347038269043],[72.61624908447266,10.544030189514274],[72.61653137207037,10.54402828216547],[72.61653137207037,10.544584274291935],[72.61680603027338,10.544580459594954],[72.61680603027338,10.544871330261344],[72.6173629760745,10.544871330261344],[72.6173629760745,10.545140266418457],[72.61791992187528,10.545140266418457],[72.61791992187528,10.545420646667594],[72.61846923828136,10.545415878295955],[72.61846923828136,10.545694351196289],[72.61930847167969,10.545694351196289],[72.61930847167969,10.54597187042242],[72.61985778808588,10.54597187042242],[72.61985778808588,10.54625034332281],[72.62040710449247,10.54625034332281],[72.62040710449247,10.546530723571777],[72.62079620361357,10.546527862548885],[72.62236022949219,10.546530723571777],[72.62236022949219,10.546811103820914],[72.62291717529291,10.546806335449276],[72.62291717529291,10.547081947326774],[72.62319183349615,10.54708003997797],[72.62319183349615,10.547640800476131],[72.6234664916995,10.547640800476131],[72.6234664916995,10.547929763793945],[72.62374877929693,10.54791641235363],[72.62374877929693,10.548472404480094],[72.62403106689482,10.548469543457031],[72.62403106689482,10.549031257629451],[72.62430572509783,10.549029350280875],[72.62430572509783,10.549581527709961],[72.6245803833009,10.549579620361385],[72.6245803833009,10.55041885375988],[72.62486267089861,10.550416946411133],[72.62486267089861,10.550695419311523],[72.62513732910162,10.550695419311523],[72.62513732910162,10.551251411437988],[72.62541961669939,10.551251411437988],[72.62541961669939,10.551530838012638],[72.6256942749024,10.551528930664062],[72.6256942749024,10.552083015441951],[72.62596893310541,10.552083015441951],[72.62596893310541,10.552360534668196],[72.62625122070318,10.552360534668196],[72.62625122070318,10.552640914916992],[72.62652587890653,10.552639007568587],[72.62652587890653,10.553194999695052],[72.62680816650396,10.553190231323242],[72.62680816650396,10.554031372070312],[72.62708282470732,10.554026603698844],[72.62708282470732,10.554582595825138],[72.62735748291033,10.554582595825138],[72.62735748291033,10.5548610687257],[72.6276397705081,10.5548610687257],[72.6276397705081,10.555421829223633],[72.62791442871111,10.555417060851994],[72.62791442871111,10.555973052978459],[72.62819671630871,10.555971145629883],[72.62819671630871,10.55625057220459],[72.62847137451189,10.55625057220459],[72.62847137451189,10.556530952453727],[72.6290283203125,10.556529045104924],[72.6290283203125,10.557083129882812],[72.62930297851568,10.557083129882812],[72.62930297851568,10.557360649108944],[72.62959289550776,10.557360649108944],[72.62959289550776,10.557918548583984],[72.62985992431646,10.557916641235408],[72.62985992431646,10.558195114135799],[72.63014221191435,10.558195114135799],[72.63014221191435,10.558749198913631],[72.63041687011719,10.558749198913631],[72.63041687011719,10.559028625488509],[72.6306915283206,10.559026718139762],[72.6306915283206,10.559582710266227],[72.63096618652361,10.559580802917424],[72.63096618652361,10.560141563415584],[72.63124847412121,10.560138702392692],[72.63124847412121,10.560694694519157],[72.63153076171892,10.560694694519157],[72.63153076171892,10.5609712600708],[72.63181304931646,10.5609712600708],[72.63181304931646,10.561532020569075],[72.632080078125,10.561527252197266],[72.632080078125,10.56208324432373],[72.63236236572271,10.56208324432373],[72.63236236572271,10.562361717224121],[72.63263702392572,10.562358856201229],[72.63263702392572,10.562640190124512],[72.6329193115235,10.562640190124512],[72.6329193115235,10.563193321228084],[72.63318634033232,10.563191413879508],[72.63318634033232,10.563470840454329],[72.63346862792969,10.563470840454329],[72.63346862792969,10.564029693603516],[72.63375091552763,10.56402778625494],[72.63375091552763,10.564583778381575],[72.63403320312517,10.564580917358512],[72.63403320312517,10.56513977050804],[72.63430786132824,10.56513977050804],[72.63430786132824,10.565695762634334],[72.63458251953142,10.565679550170955],[72.63458251953142,10.56653022766119],[72.63486480712896,10.566528320312614],[72.63486480712896,10.567084312439079],[72.6351318359375,10.567082405090332],[72.6351318359375,10.567361831664982],[72.63540649414068,10.567361831664982],[72.63540649414068,10.56791973114025],[72.63569641113276,10.567915916442871],[72.63569641113276,10.568194389343262],[72.635971069336,10.56819152832054],[72.635971069336,10.569032669067496],[72.63625335693388,10.5690279006958],[72.63625335693388,10.56958198547369],[72.63652801513678,10.56958198547369],[72.63652801513678,10.570421218872013],[72.63680267334013,10.570421218872013],[72.63680267334013,10.571249961853141],[72.63707733154314,10.571249961853141],[72.63707733154314,10.571810722351074],[72.63735961914074,10.571805953979606],[72.63735961914074,10.572360038757267],[72.63764190673845,10.572360038757267],[72.63764190673845,10.572920799255428],[72.63791656494146,10.572916030883789],[72.63791656494146,10.573472023010254],[72.63819122314453,10.573472023010254],[72.63819122314453,10.574028015136719],[72.63847351074224,10.574028015136719],[72.63847351074224,10.574311256408919],[72.63846588134771,10.576251029968319],[72.63874816894526,10.576251029968319],[72.63874816894526,10.576531410217285],[72.63931274414057,10.576531410217285],[72.63931274414057,10.576810836791935],[72.63957977294928,10.576804161071891],[72.63957977294928,10.577081680297965],[72.64013671875017,10.577081680297965],[72.64013671875017,10.577361106872672],[72.64113616943365,10.577361106872672],[72.64208221435553,10.577361106872672]]],[[[72.16874694824247,10.814862251281738],[72.16874694824247,10.813471794128418],[72.16902923583984,10.813471794128418],[72.16902923583984,10.813194274902514],[72.16930389404325,10.813194274902514],[72.16930389404325,10.812359809875659],[72.16876220703153,10.812361717224235],[72.16876220703153,10.812080383300781],[72.16792297363287,10.812080383300781],[72.16792297363287,10.812361717224235],[72.16735839843756,10.812361717224235],[72.16735839843756,10.812080383300781],[72.16707611084001,10.812080383300781],[72.16707611084001,10.812361717224235],[72.16680908203136,10.812361717224235],[72.16680908203136,10.812080383300781],[72.16513824462919,10.812080383300781],[72.16513824462919,10.812920570373763],[72.16541290283209,10.812915802002124],[72.16541290283209,10.813194274902514],[72.16568756103544,10.813190460205305],[72.16568756103544,10.813471794128418],[72.16596984863298,10.813471794128418],[72.16596984863298,10.81375026702898],[72.16652679443376,10.81375026702898],[72.16652679443376,10.814030647277946],[72.16707611084001,10.814030647277946],[72.16707611084001,10.814311027527083],[72.16764068603516,10.814306259155273],[72.16764068603516,10.814583778381348],[72.16819763183588,10.814583778381348],[72.16819763183588,10.814862251281738],[72.16874694824247,10.814862251281738]]],[[[72.1726379394533,10.81986141204834],[72.1726379394533,10.81902885437023],[72.17236328125028,10.81902885437023],[72.17236328125028,10.817920684814453],[72.17208099365234,10.817920684814453],[72.17208099365234,10.817641258239973],[72.17182159423822,10.817641258239973],[72.17182159423822,10.81735992431652],[72.17097473144537,10.81735992431652],[72.17097473144537,10.818194389343375],[72.17124938964838,10.818194389343375],[72.17124938964838,10.818472862243766],[72.17153167724615,10.818470001220703],[72.17153167724615,10.81902885437023],[72.17182159423822,10.81902885437023],[72.17182159423822,10.819311141968],[72.17208099365234,10.819304466247559],[72.17208099365234,10.819581985473633],[72.17236328125028,10.819581985473633],[72.17236328125028,10.81986141204834],[72.1726379394533,10.81986141204834]]],[[[73.67846679687517,10.82153129577631],[73.67846679687517,10.82069015502941],[73.67736053466797,10.820694923400879],[73.67736053466797,10.820417404174805],[73.67708587646513,10.820421218872184],[73.67708587646513,10.81986141204834],[73.67736053466797,10.81986141204834],[73.67736053466797,10.81902885437023],[73.67708587646513,10.81902885437023],[73.67708587646513,10.818470001220703],[73.67680358886724,10.818472862243766],[73.67680358886724,10.817915916442814],[73.67708587646513,10.817920684814453],[73.67708587646513,10.817641258239973],[73.67736053466797,10.817641258239973],[73.67736053466797,10.817920684814453],[73.67791748046892,10.817915916442814],[73.67791748046892,10.818194389343375],[73.6784744262697,10.818194389343375],[73.6784744262697,10.818472862243766],[73.67986297607428,10.818472862243766],[73.67986297607428,10.818194389343375],[73.68096923828142,10.818194389343375],[73.68096923828142,10.817915916442814],[73.6815261840822,10.817920684814453],[73.6815261840822,10.817641258239973],[73.68290710449224,10.817641258239973],[73.68290710449224,10.817920684814453],[73.68653106689459,10.817920684814453],[73.68653106689459,10.817641258239973],[73.68708038330095,10.817641258239973],[73.68708038330095,10.81735992431652],[73.68818664550781,10.81735992431652],[73.68818664550781,10.817641258239973],[73.68875122070312,10.817641258239973],[73.68875122070312,10.817920684814453],[73.68958282470709,10.817915916442814],[73.68958282470709,10.818194389343375],[73.69152832031256,10.818194389343375],[73.69152832031256,10.818472862243766],[73.69180297851562,10.818472862243766],[73.69180297851562,10.818194389343375],[73.69458007812506,10.818194389343375],[73.69458007812506,10.817915916442814],[73.69513702392584,10.817915916442814],[73.69513702392584,10.818194389343375],[73.69596862792997,10.818194389343375],[73.69596862792997,10.817915916442814],[73.69847106933588,10.817920684814453],[73.69847106933588,10.817641258239973],[73.70014190673857,10.817641258239973],[73.70014190673857,10.81735992431652],[73.70069122314459,10.81735992431652],[73.70069122314459,10.817082405090446],[73.70180511474615,10.817082405090446],[73.70180511474615,10.816805839538631],[73.70236206054693,10.8168106079101],[73.70236206054693,10.816249847412166],[73.70263671875028,10.816249847412166],[73.70263671875028,10.814862251281738],[73.70236206054693,10.814862251281738],[73.70236206054693,10.814583778381348],[73.7020797729495,10.814583778381348],[73.7020797729495,10.814306259155273],[73.70181274414068,10.814311027527083],[73.70181274414068,10.813750267028809],[73.70153045654297,10.813750267028809],[73.70153045654297,10.813471794128418],[73.70124816894537,10.813471794128418],[73.70124816894537,10.813194274902344],[73.70069122314459,10.813194274902344],[73.70069122314459,10.812915802001953],[73.6998596191408,10.812920570373763],[73.6998596191408,10.81263065338129],[73.69875335693365,10.812640190124625],[73.69875335693365,10.812359809875488],[73.69819641113287,10.812361717224235],[73.69819641113287,10.812080383300781],[73.69736480712908,10.81208419799816],[73.69736480712908,10.81180572509777],[73.69653320312528,10.811811447143555],[73.69653320312528,10.811530113220272],[73.69486236572266,10.811530113220272],[73.69486236572266,10.811249732971305],[73.69431304931658,10.811249732971305],[73.69431304931658,10.810970306396598],[73.69374847412126,10.810972213745174],[73.69374847412126,10.81069374084484],[73.69347381591825,10.81069374084484],[73.69347381591825,10.81041622161871],[73.69235992431635,10.810420036315918],[73.69235992431635,10.810139656066951],[73.69152069091803,10.810139656066951],[73.69152069091803,10.809860229492244],[73.69069671630876,10.80986213684082],[73.69069671630876,10.809583663940487],[73.68985748291044,10.809591293335018],[73.68985748291044,10.809309959411735],[73.68930816650385,10.809309959411735],[73.68930816650385,10.809029579162598],[73.68791961669933,10.809029579162598],[73.68791961669933,10.80875015258789],[73.68736267089872,10.80875015258789],[73.68736267089872,10.8084716796875],[73.68708038330095,10.8084716796875],[73.68708038330095,10.808194160461426],[73.68680572509794,10.808194160461426],[73.68680572509794,10.807915687561035],[73.68653106689459,10.807920455932674],[73.68653106689459,10.80764198303234],[73.68596649169928,10.80764198303234],[73.68596649169928,10.807361602783146],[73.68458557128923,10.807361602783146],[73.68458557128923,10.807084083557243],[73.68347167968756,10.807084083557243],[73.68347167968756,10.806805610656681],[73.682357788086,10.80682182312023],[73.682357788086,10.806529998779354],[73.6815261840822,10.806529998779354],[73.6815261840822,10.806249618530387],[73.68068695068388,10.806249618530387],[73.68068695068388,10.80596923828125],[73.6793060302735,10.805971145629826],[73.6793060302735,10.805695533752498],[73.67763519287138,10.805695533752498],[73.67763519287138,10.805418014526595],[73.67597198486328,10.805419921875],[73.67597198486328,10.805139541626033],[73.67457580566418,10.805139541626033],[73.67457580566418,10.80486202240013],[73.67292022705078,10.80486202240013],[73.67292022705078,10.804582595825252],[73.67263793945318,10.804582595825252],[73.67263793945318,10.80486202240013],[73.6720809936524,10.80486202240013],[73.6720809936524,10.804582595825252],[73.67151641845714,10.804580688476676],[73.67152404785168,10.80486202240013],[73.67124938964861,10.80486202240013],[73.67124938964861,10.804582595825252],[73.67096710205107,10.804580688476676],[73.6709747314456,10.80486202240013],[73.6698608398437,10.80486202240013],[73.6698608398437,10.805139541626033],[73.66819763183611,10.805139541626033],[73.66819763183611,10.805419921875],[73.66735839843778,10.805418014526595],[73.66735839843778,10.805695533752498],[73.66708374023443,10.805695533752498],[73.66708374023443,10.805971145629826],[73.66625213623047,10.80596923828125],[73.66625213623047,10.806249618530387],[73.66513824462908,10.806249618530387],[73.66513824462908,10.806529998779354],[73.66458129882812,10.806529998779354],[73.66458129882812,10.80682182312023],[73.66430664062528,10.806805610656681],[73.66430664062528,10.807084083557243],[73.66417694091814,10.807084083557243],[73.66374969482416,10.807084083557243],[73.66374969482416,10.807361602783146],[73.66319274902344,10.807361602783146],[73.66319274902344,10.80764198303234],[73.66291809082037,10.807640075683537],[73.66291809082037,10.807915687561035],[73.66263580322283,10.807915687561035],[73.66263580322283,10.808194160461426],[73.66236114501964,10.808194160461426],[73.66236114501964,10.8084716796875],[73.66208648681658,10.8084716796875],[73.66208648681658,10.809029579162598],[73.66179656982433,10.809029579162598],[73.66179656982433,10.809591293335018],[73.66153717041021,10.809591293335018],[73.66153717041021,10.810420036315918],[73.66124725341825,10.810420036315918],[73.66124725341825,10.811249732971305],[73.6609725952149,10.811249732971305],[73.6609725952149,10.811811447143555],[73.66069793701166,10.81180572509777],[73.66069793701166,10.812640190124625],[73.66041564941412,10.812640190124625],[73.66041564941412,10.813471794128418],[73.66014099121094,10.813471794128418],[73.66014099121094,10.816249847412166],[73.66042327880865,10.816249847412166],[73.66042327880865,10.81653118133545],[73.66069793701166,10.81653118133545],[73.66069793701166,10.8168106079101],[73.6609725952149,10.816805839538631],[73.6609725952149,10.817082405090446],[73.66124725341825,10.817082405090446],[73.66124725341825,10.81735992431652],[73.66153717041021,10.81735992431652],[73.66153717041021,10.817641258239973],[73.66208648681658,10.817641258239973],[73.66208648681658,10.817920684814453],[73.66263580322283,10.817915916442814],[73.66263580322283,10.818194389343375],[73.66347503662115,10.818194389343375],[73.66347503662115,10.818472862243766],[73.66430664062528,10.818470001220703],[73.66430664062528,10.81876182556175],[73.66764068603521,10.81876182556175],[73.66764068603521,10.81902885437023],[73.6679229736331,10.81902885437023],[73.6679229736331,10.81876182556175],[73.66874694824236,10.81876182556175],[73.66874694824236,10.818470001220703],[73.67041778564482,10.818472862243766],[73.67041778564482,10.818194389343375],[73.67180633544939,10.818194389343375],[73.67180633544939,10.818472862243766],[73.6720809936524,10.818472862243766],[73.6720809936524,10.818194389343375],[73.67458343505888,10.818194389343375],[73.67458343505888,10.818472862243766],[73.67485809326189,10.818472862243766],[73.67485809326189,10.818194389343375],[73.67514038085949,10.818194389343375],[73.67514038085949,10.818472862243766],[73.6754226684572,10.818470001220703],[73.6754226684572,10.81876182556175],[73.67569732666021,10.81876182556175],[73.67569732666021,10.81931114196783],[73.67597198486328,10.819304466247559],[73.67597198486328,10.82069015502941],[73.67624664306646,10.82070159912115],[73.67624664306646,10.821250915527344],[73.67679595947271,10.821250915527344],[73.67679595947271,10.82153129577631],[73.67846679687517,10.82153129577631]]],[[[72.1726379394533,10.81986141204834],[72.1726379394533,10.82014083862299],[72.17292022705107,10.820138931274414],[72.17292022705107,10.82097339630127],[72.17318725585955,10.820969581604288],[72.17318725585955,10.821250915527344],[72.17346954345709,10.821250915527344],[72.17346954345709,10.82153129577631],[72.17375183105486,10.82153129577631],[72.17375183105486,10.821821212768782],[72.17402648925787,10.821806907653809],[72.17402648925787,10.822360992431697],[72.17430877685541,10.822360992431697],[72.17430877685541,10.822918891906966],[72.17458343505865,10.822916984558162],[72.17458343505865,10.823472976684855],[72.17514038085943,10.82347106933588],[72.17514038085943,10.824030876159895],[72.17541503906278,10.82402896881132],[72.17541503906278,10.82458305358881],[72.17569732666033,10.824571609497127],[72.17569732666033,10.825140953064079],[72.17597198486357,10.825139045715503],[72.17597198486357,10.825695037841967],[72.17624664306658,10.825691223144588],[72.17624664306658,10.826251029968262],[72.17652893066412,10.826251029968262],[72.17652893066412,10.826532363891886],[72.17680358886736,10.82652664184576],[72.17680358886736,10.827082633972395],[72.1770858764649,10.827082633972395],[72.1770858764649,10.827361106872615],[72.17736053466791,10.827361106872615],[72.17736053466791,10.82792186737072],[72.17763519287115,10.82791709899925],[72.17763519287115,10.828194618225154],[72.17791748046903,10.828190803528003],[72.17791748046903,10.82875061035162],[72.17819213867193,10.82875061035162],[72.17819213867193,10.829310417175293],[72.17846679687528,10.829310417175293],[72.17846679687528,10.829860687255803],[72.17874908447283,10.829860687255803],[72.17874908447283,10.830142021179427],[72.1790313720706,10.830142021179427],[72.1790313720706,10.830699920654297],[72.17930603027361,10.830693244934082],[72.17930603027361,10.831249237060547],[72.17958068847662,10.831249237060547],[72.17958068847662,10.83180999755865],[72.17986297607439,10.831805229187012],[72.17986297607439,10.832083702087402],[72.1801376342774,10.83208084106451],[72.1801376342774,10.832639694213867],[72.180419921875,10.832639694213867],[72.180419921875,10.833195686340332],[72.18069458007818,10.833195686340332],[72.18069458007818,10.833472251892317],[72.18096923828153,10.833469390869254],[72.18096923828153,10.834030151367188],[72.18125152587896,10.834028244018782],[72.18125152587896,10.834584236145076],[72.18152618408232,10.834584236145076],[72.18152618408232,10.83486175537115],[72.18180847167969,10.834859848022575],[72.18180847167969,10.835419654846248],[72.1820831298831,10.835417747497843],[72.1820831298831,10.836250305175724],[72.18235778808611,10.836250305175724],[72.18235778808611,10.836529731750602],[72.18264007568371,10.836527824401799],[72.18264007568371,10.837637901306152],[72.18291473388689,10.837637901306152],[72.18291473388689,10.838472366333008],[72.18319702148443,10.838470458984432],[72.18319702148443,10.838751792907715],[72.1834716796875,10.838751792907715],[72.1834716796875,10.839310646057243],[72.18374633789068,10.839305877685604],[72.18374633789068,10.839859962463663],[72.18402862548822,10.839859962463663],[72.18402862548822,10.840694427490519],[72.18430328369146,10.840694427490519],[72.18430328369146,10.840971946716422],[72.18459320068388,10.840970039367846],[72.18459320068388,10.84153079986595],[72.18486022949219,10.84153079986595],[72.18486022949219,10.841811180114746],[72.18514251709013,10.841806411743278],[72.18514251709013,10.842082023620605],[72.18541717529314,10.842082023620605],[72.18541717529314,10.842639923095646],[72.18569183349621,10.84263801574707],[72.18569183349621,10.843194007873535],[72.18596649169939,10.843190193176554],[72.18596649169939,10.84375],[72.18624877929693,10.84375],[72.18624877929693,10.844585418701172],[72.1865310668947,10.844585418701172],[72.1865310668947,10.844860076904354],[72.18682098388678,10.844860076904354],[72.18682098388678,10.845420837402287],[72.18708038330072,10.845420837402287],[72.18708038330072,10.845701217651651],[72.1873626708985,10.845701217651651],[72.1873626708985,10.84653091430664],[72.18763732910185,10.846529006958065],[72.18763732910185,10.847083091735954],[72.18791961669928,10.84708023071289],[72.18791961669928,10.847640991210994],[72.18819427490263,10.847639083862418],[72.18819427490263,10.848195075988713],[72.18846893310564,10.848195075988713],[72.18846893310564,10.848751068115178],[72.18875122070341,10.848738670349348],[72.18875122070341,10.849311828613509],[72.18902587890642,10.849311828613509],[72.18902587890642,10.850420951843375],[72.18930816650396,10.850417137145996],[72.18930816650396,10.851804733276651],[72.18956756591791,10.851799964904785],[72.18956756591791,10.852918624877987],[72.18985748291021,10.85291671752941],[72.18985748291021,10.8534708023073],[72.18956756591791,10.8534708023073],[72.18956756591791,10.8543119430542],[72.18985748291021,10.8543119430542],[72.18985748291021,10.85487270355253],[72.19013977050776,10.85487270355253],[72.19013977050776,10.85653018951416],[72.19040679931646,10.85653018951416],[72.19040679931646,10.857360839843807],[72.19069671630888,10.857360839843807],[72.19069671630888,10.85847091674799],[72.19097137451178,10.85847091674799],[72.19097137451178,10.861530303955021],[72.19125366210966,10.861528396606445],[72.19125366210966,10.86208438873291],[72.19152832031267,10.862081527710018],[72.19152832031267,10.862640380859375],[72.19180297851591,10.86263847351097],[72.19180297851591,10.863750457763729],[72.19209289550798,10.863740921020621],[72.19209289550798,10.86431121826189],[72.19235992431646,10.864306449890194],[72.19235992431646,10.865971565246582],[72.19264221191423,10.865971565246582],[72.19264221191423,10.867360115051497],[72.19291687011724,10.867360115051497],[72.19291687011724,10.867639541625977],[72.19319152832026,10.867639541625977],[72.19319152832026,10.86792087554943],[72.19347381591803,10.867916107177791],[72.19347381591803,10.868193626404036],[72.19374847412138,10.86819171905529],[72.19374847412138,10.86874961853033],[72.1940307617188,10.86874961853033],[72.1940307617188,10.870141029358138],[72.19430541992216,10.870138168335075],[72.19430541992216,10.87069416046154],[72.19458007812517,10.87069416046154],[72.19458007812517,10.870971679687443],[72.19486236572294,10.870971679687443],[72.19486236572294,10.871250152587834],[72.19513702392595,10.871250152587834],[72.19513702392595,10.871810913086165],[72.19541931152355,10.871804237365723],[72.19541931152355,10.87208461761469],[72.19569396972673,10.87208461761469],[72.19569396972673,10.872360229492188],[72.19596862792974,10.872360229492188],[72.19596862792974,10.872929573059139],[72.19625091552734,10.872929573059139],[72.19625091552734,10.873750686645508],[72.19653320312506,10.873750686645508],[72.19653320312506,10.874031066894474],[72.19680786132807,10.874031066894474],[72.19680786132807,10.874311447143839],[72.19736480712919,10.874306678771973],[72.19736480712919,10.874583244323958],[72.19791412353544,10.874583244323958],[72.19791412353544,10.874860763549862],[72.19819641113298,10.874857902526799],[72.19819641113298,10.875141143798828],[72.19847106933605,10.875141143798828],[72.19847106933605,10.875420570373535],[72.19875335693376,10.875416755676326],[72.19875335693376,10.875695228576717],[72.19902801513678,10.875695228576717],[72.19902801513678,10.875972747803019],[72.19930267333984,10.875972747803019],[72.19930267333984,10.87653064727806],[72.19957733154303,10.87653064727806],[72.19957733154303,10.876811981201342],[72.19985961914057,10.8768053054809],[72.19985961914057,10.877082824706974],[72.20041656494169,10.877082824706974],[72.20041656494169,10.877361297607365],[72.20069122314453,10.877361297607365],[72.20069122314453,10.877640724182243],[72.20153045654325,10.877640724182243],[72.20153045654325,10.877919197082633],[72.2040328979495,10.877919197082633],[72.2040328979495,10.877640724182243],[72.2059707641601,10.877640724182243],[72.2059707641601,10.877361297607365],[72.20652770996122,10.877361297607365],[72.20652770996122,10.875139236450252],[72.20625305175787,10.875141143798828],[72.20625305175787,10.874580383300895],[72.2059707641601,10.874583244323958],[72.2059707641601,10.873750686645508],[72.20569610595709,10.873750686645508],[72.20569610595709,10.873189926147575],[72.20541381835955,10.873194694519043],[72.20541381835955,10.872637748718262],[72.2051391601563,10.872640609741154],[72.2051391601563,10.872079849243391],[72.2048645019533,10.87208461761469],[72.2048645019533,10.871804237365723],[72.20458221435575,10.871810913086165],[72.20458221435575,10.871250152587834],[72.20430755615251,10.871250152587834],[72.20430755615251,10.870415687560978],[72.2040328979495,10.870421409606934],[72.2040328979495,10.869869232178019],[72.20375061035162,10.869869232178019],[72.20375061035162,10.86874961853033],[72.20347595214872,10.86874961853033],[72.20347595214872,10.86847019195585],[72.20319366455084,10.868472099304427],[72.20319366455084,10.868193626404036],[72.2029190063476,10.868193626404036],[72.2029190063476,10.867360115051497],[72.20263671875006,10.867360115051497],[72.20263671875006,10.867083549499512],[72.20236206054705,10.867083549499512],[72.20236206054705,10.866806030273438],[72.20179748535173,10.866810798645247],[72.20179748535173,10.866250038147143],[72.20153045654325,10.866250038147143],[72.20153045654325,10.865689277648983],[72.20124816894548,10.865694046020678],[72.20124816894548,10.865415573120288],[72.20096588134794,10.865420341491927],[72.20096588134794,10.864859580993823],[72.20069122314453,10.864862442016886],[72.20069122314453,10.864306449890194],[72.20041656494169,10.86431121826189],[72.20041656494169,10.863740921020621],[72.20014190673834,10.863750457763729],[72.20014190673834,10.862917900085677],[72.19985961914057,10.862917900085677],[72.19985961914057,10.862640380859375],[72.19957733154303,10.862640380859375],[72.19957733154303,10.862361907958984],[72.19930267333984,10.862361907958984],[72.19930267333984,10.86180591583252],[72.19902801513678,10.861809730529899],[72.19902801513678,10.861530303955021],[72.1987380981447,10.861530303955021],[72.1987380981447,10.86097240447998],[72.19847106933605,10.86097240447998],[72.19847106933605,10.860695838928166],[72.19819641113298,10.860695838928166],[72.19819641113298,10.860139846801701],[72.19790649414091,10.860139846801701],[72.19790649414091,10.859580993652344],[72.19763946533203,10.859583854675407],[72.19763946533203,10.859026908874455],[72.19735717773466,10.859029769897518],[72.19735717773466,10.858749389648551],[72.1970825195313,10.858749389648551],[72.1970825195313,10.85847091674799],[72.19680786132807,10.85847091674799],[72.19680786132807,10.858193397522086],[72.19652557373053,10.858193397522086],[72.19652557373053,10.857917785644759],[72.19625091552734,10.857931137085075],[72.19625091552734,10.857360839843807],[72.19596862792974,10.857360839843807],[72.19596862792974,10.85680961608881],[72.19570159912126,10.85680961608881],[72.19570159912126,10.856250762939453],[72.19541931152355,10.856250762939453],[72.19541931152355,10.855971336364803],[72.19513702392595,10.855971336364803],[72.19513702392595,10.855694770812988],[72.19486236572294,10.855694770812988],[72.19486236572294,10.855417251586914],[72.19458007812517,10.855422019958553],[72.19458007812517,10.85487270355253],[72.19431304931669,10.85487270355253],[72.19431304931669,10.8543119430542],[72.1940307617188,10.8543119430542],[72.1940307617188,10.853751182556266],[72.19374847412138,10.853751182556266],[72.19374847412138,10.8534708023073],[72.19347381591803,10.8534708023073],[72.19347381591803,10.853195190429801],[72.19319152832026,10.853195190429801],[72.19319152832026,10.852639198303507],[72.19291687011724,10.852639198303507],[72.19291687011724,10.852360725402946],[72.19264221191423,10.852360725402946],[72.19264221191423,10.852081298828068],[72.19235992431646,10.852083206177042],[72.19235992431646,10.851529121399153],[72.19209289550798,10.851531028747559],[72.19209289550798,10.851250648498592],[72.19180297851591,10.851250648498592],[72.19180297851591,10.850689888000431],[72.19152832031267,10.850694656372298],[72.19152832031267,10.850417137145996],[72.19124603271513,10.850420951843375],[72.19124603271513,10.849861145019531],[72.19097137451178,10.849861145019531],[72.19097137451178,10.84958267211914],[72.19069671630888,10.84958267211914],[72.19069671630888,10.849305152893066],[72.19040679931646,10.849311828613509],[72.19040679931646,10.848738670349348],[72.19013977050776,10.848751068115178],[72.19013977050776,10.848472595214787],[72.18985748291021,10.848472595214787],[72.18985748291021,10.847916603088322],[72.18956756591791,10.847921371460188],[72.18956756591791,10.84708023071289],[72.18930816650396,10.847083091735954],[72.18930816650396,10.846529006958065],[72.18902587890642,10.84653091430664],[72.18902587890642,10.846250534057674],[72.18875122070341,10.846250534057674],[72.18875122070341,10.845970153808707],[72.18846893310564,10.84597301483177],[72.18846893310564,10.845416069030819],[72.1881866455081,10.845420837402287],[72.1881866455081,10.845141410827637],[72.18791961669928,10.845141410827637],[72.18791961669928,10.844310760498331],[72.18763732910185,10.844310760498331],[72.18763732910185,10.84375],[72.1873626708985,10.84375],[72.1873626708985,10.843469619751204],[72.18708038330072,10.84347152709961],[72.18708038330072,10.842915534973145],[72.18682098388678,10.84292125701927],[72.18682098388678,10.84235954284668],[72.1865310668947,10.842362403869743],[72.1865310668947,10.842082023620605],[72.18624877929693,10.842082023620605],[72.18624877929693,10.841527938842887],[72.18596649169939,10.84153079986595],[72.18596649169939,10.840689659118652],[72.18569183349621,10.840694427490519],[72.18569183349621,10.840138435364054],[72.18541717529314,10.84014034271246],[72.18541717529314,10.839570999145678],[72.18514251709013,10.839584350586165],[72.18514251709013,10.839305877685604],[72.18486022949219,10.839310646057243],[72.18486022949219,10.838751792907715],[72.18459320068388,10.838751792907715],[72.18459320068388,10.838191986084041],[72.18430328369146,10.838193893432845],[72.18430328369146,10.837916374206543],[72.18402862548822,10.837920188903922],[72.18402862548822,10.837360382080078],[72.18374633789068,10.837362289428654],[72.18374633789068,10.83680629730219],[72.1834716796875,10.83680629730219],[72.1834716796875,10.836250305175724],[72.18319702148443,10.836250305175724],[72.18319702148443,10.83569431304943],[72.18291473388689,10.83569431304943],[72.18291473388689,10.835140228271541],[72.18264007568371,10.835140228271541],[72.18264007568371,10.834859848022575],[72.18235778808611,10.83486175537115],[72.18235778808611,10.834028244018782],[72.1820831298831,10.834030151367188],[72.1820831298831,10.833190917968864],[72.18180847167969,10.833195686340332],[72.18180847167969,10.832083702087402],[72.18152618408232,10.832083702087402],[72.18152618408232,10.831526756286621],[72.18125152587896,10.831529617309513],[72.18125152587896,10.83096885681175],[72.18096923828153,10.830970764160156],[72.18096923828153,10.830416679382267],[72.18070220947271,10.83041954040533],[72.18070220947271,10.830142021179427],[72.180419921875,10.830142021179427],[72.180419921875,10.829581260681323],[72.1801376342774,10.829583168029899],[72.1801376342774,10.829027175903434],[72.17986297607439,10.829031944274902],[72.17986297607439,10.82847118377697],[72.17958068847662,10.82847118377697],[72.17958068847662,10.82791709899925],[72.17930603027361,10.82792186737072],[72.17930603027361,10.827630043029842],[72.17874908447283,10.82763862609886],[72.17874908447283,10.827082633972395],[72.17847442626982,10.827082633972395],[72.17847442626982,10.82652664184576],[72.17819213867193,10.826532363891886],[72.17819213867193,10.825970649719466],[72.17791748046903,10.825972557067871],[72.17791748046903,10.825695037841967],[72.17763519287115,10.825695037841967],[72.17763519287115,10.824860572815112],[72.17736053466791,10.824860572815112],[72.17736053466791,10.82458305358881],[72.1770858764649,10.82458305358881],[72.1770858764649,10.824304580688647],[72.17679595947266,10.824309349060115],[72.17679595947266,10.824030876159895],[72.17652893066412,10.824030876159895],[72.17652893066412,10.823751449585018],[72.17624664306658,10.823751449585018],[72.17624664306658,10.82347106933588],[72.17597198486357,10.823472976684855],[72.17597198486357,10.823195457458553],[72.17569732666033,10.823195457458553],[72.17569732666033,10.822916984558162],[72.17542266845732,10.822918891906966],[72.17542266845732,10.822641372680664],[72.17514038085943,10.822641372680664],[72.17514038085943,10.822360992431697],[72.174858093262,10.822360992431697],[72.174858093262,10.822083473205794],[72.17458343505865,10.822083473205794],[72.17458343505865,10.821806907653809],[72.17430877685541,10.821821212768782],[72.17430877685541,10.82153129577631],[72.17402648925787,10.82153129577631],[72.17402648925787,10.82069015502941],[72.17375183105486,10.820694923400879],[72.17375183105486,10.820417404174805],[72.17346954345709,10.820421218872355],[72.17346954345709,10.82014083862299],[72.17318725585955,10.82014083862299],[72.17318725585955,10.81986141204834],[72.1726379394533,10.81986141204834]]],[[[72.29125213623064,10.945972442627237],[72.29125213623064,10.945139884948787],[72.29041290283232,10.94515132904047],[72.29041290283232,10.94486045837408],[72.28930664062528,10.944862365722884],[72.28930664062528,10.944583892822493],[72.28874969482416,10.944583892822493],[72.28874969482416,10.944306373596191],[72.28848266601568,10.94431018829357],[72.28848266601568,10.943750381469727],[72.28819274902361,10.943750381469727],[72.28819274902361,10.942640304565373],[72.28848266601568,10.942640304565373],[72.28848266601568,10.94209098815935],[72.28874969482416,10.94209098815935],[72.28874969482416,10.941249847412053],[72.2890243530274,10.941249847412053],[72.28901672363287,10.940972328186149],[72.28930664062528,10.940972328186149],[72.28930664062528,10.939583778381404],[72.28958129882818,10.939583778381404],[72.28958129882818,10.939305305481014],[72.28985595703153,10.939310073852482],[72.28985595703153,10.938749313354549],[72.29013824462908,10.938749313354549],[72.29013824462908,10.938193321228255],[72.29041290283232,10.938193321228255],[72.29041290283232,10.937639236450195],[72.29070281982439,10.937639236450195],[72.29070281982439,10.936809539794979],[72.29096984863287,10.936809539794979],[72.29096984863287,10.936250686645451],[72.29070281982439,10.936250686645451],[72.29070281982439,10.93595981597906],[72.29041290283232,10.9359712600708],[72.29041290283232,10.935694694518986],[72.29013824462908,10.935694694518986],[72.29013824462908,10.935417175293082],[72.28958129882818,10.93542194366455],[72.28958129882818,10.935140609741268],[72.28819274902361,10.935140609741268],[72.28819274902361,10.934861183166618],[72.28569793701166,10.934861183166618],[72.28569793701166,10.935140609741268],[72.28485870361334,10.935140609741268],[72.28485870361334,10.93542194366455],[72.28430175781261,10.935417175293082],[72.28430175781261,10.9359712600708],[72.28402709960955,10.93595981597906],[72.28402709960955,10.937639236450195],[72.28430175781261,10.937639236450195],[72.28430175781261,10.94013977050787],[72.2845764160158,10.94013977050787],[72.2845764160158,10.941249847412053],[72.28485870361334,10.941249847412053],[72.28485870361334,10.942361831664982],[72.28514099121111,10.942361831664982],[72.28514099121111,10.943471908569336],[72.28542327880865,10.943471908569336],[72.28542327880865,10.94431018829357],[72.28569793701166,10.944306373596191],[72.28569793701166,10.944862365722884],[72.28595733642584,10.94486045837408],[72.28595733642584,10.94515132904047],[72.28624725341825,10.94515132904047],[72.28624725341825,10.945420265197754],[72.28652954101568,10.945416450500545],[72.28652954101568,10.945693969726847],[72.28680419921903,10.945693969726847],[72.28680419921903,10.945972442627237],[72.29125213623064,10.945972442627237]]],[[[72.32653045654314,10.95319461822504],[72.32653045654314,10.952360153198185],[72.32624816894537,10.952360153198185],[72.32624816894537,10.951804161071891],[72.32596588134783,10.951810836792163],[72.32596588134783,10.951531410217285],[72.32569122314464,10.951531410217285],[72.32569122314464,10.951250076294002],[72.3251266479495,10.951250076294002],[72.3251266479495,10.950961112976017],[72.32458496093778,10.950971603393612],[72.32458496093778,10.950694084167537],[72.3243026733399,10.950694084167537],[72.3243026733399,10.950415611267147],[72.32402801513666,10.950421333313102],[72.32402801513666,10.950139999389648],[72.32375335693365,10.950139999389648],[72.32375335693365,10.949859619140682],[72.32347106933594,10.949861526489258],[72.32347106933594,10.949582099914778],[72.32319641113287,10.949582099914778],[72.32319641113287,10.949028015136719],[72.3229064941408,10.949030876159782],[72.3229064941408,10.948749542236328],[72.32235717773455,10.948749542236328],[72.32235717773455,10.948189735412882],[72.32180786132812,10.948193550109863],[72.32180786132812,10.947916030883789],[72.32153320312528,10.947920799255598],[72.32153320312528,10.947640419006461],[72.3212509155274,10.947640419006461],[72.3212509155274,10.947360038757495],[72.32096862792997,10.947360038757495],[72.32096862792997,10.947084426879996],[72.32069396972662,10.947084426879996],[72.32069396972662,10.946805953979606],[72.32041931152344,10.946810722351074],[72.32041931152344,10.946530342102278],[72.32013702392584,10.946530342102278],[72.32013702392584,10.945969581604174],[72.31986236572283,10.945972442627237],[72.31986236572283,10.945693969726847],[72.31958007812506,10.945693969726847],[72.31958007812506,10.945416450500545],[72.31903076171903,10.945420265197754],[72.31903076171903,10.94515132904047],[72.31874847412126,10.94515132904047],[72.31874847412126,10.94486045837408],[72.31847381591825,10.944862365722884],[72.31847381591825,10.944583892822493],[72.31819152832037,10.944583892822493],[72.31819152832037,10.944306373596191],[72.31791687011747,10.94431018829357],[72.31791687011747,10.944027900696028],[72.31764221191412,10.944027900696028],[72.31764221191412,10.943750381469727],[72.31708526611334,10.943750381469727],[72.31708526611334,10.943471908569336],[72.31652832031256,10.943471908569336],[72.31652832031256,10.943194389343262],[72.315971374512,10.943194389343262],[72.315971374512,10.942917823791674],[72.31513977050787,10.94291973114025],[72.31513977050787,10.942640304565373],[72.3140258789063,10.942640304565373],[72.3140258789063,10.94291973114025],[72.3137512207033,10.942917823791674],[72.3137512207033,10.943194389343262],[72.31346893310553,10.943194389343262],[72.31346893310553,10.944862365722884],[72.3137512207033,10.944862365722884],[72.3137512207033,10.945972442627237],[72.31346893310553,10.945969581604174],[72.31346893310553,10.946530342102278],[72.3137512207033,10.946528434753702],[72.3137512207033,10.947360038757495],[72.3140258789063,10.947360038757495],[72.3140258789063,10.947640419006461],[72.31430816650385,10.947640419006461],[72.31430816650385,10.947920799255598],[72.31458282470709,10.947916030883789],[72.31458282470709,10.948193550109863],[72.31485748291044,10.948193550109863],[72.31485748291044,10.948472023010254],[72.31540679931669,10.948472023010254],[72.31540679931669,10.948749542236328],[72.3168029785158,10.948749542236328],[72.3168029785158,10.949030876159782],[72.31874847412126,10.949030876159782],[72.31874847412126,10.949311256408748],[72.31958007812506,10.949305534362793],[72.31958007812506,10.949582099914778],[72.32069396972662,10.949582099914778],[72.32069396972662,10.949861526489258],[72.32153320312528,10.949859619140682],[72.32153320312528,10.950139999389648],[72.32209014892607,10.950139999389648],[72.32209014892607,10.950421333313102],[72.32236480712908,10.950415611267147],[72.32236480712908,10.950694084167537],[72.32319641113287,10.950694084167537],[72.32319641113287,10.950971603393612],[72.32347106933594,10.950961112976017],[72.32347106933594,10.951531410217285],[72.32457733154325,10.951531410217285],[72.32457733154325,10.951810836792163],[72.32514190673857,10.951804161071891],[72.32514190673857,10.952084541320858],[72.32541656494158,10.952084541320858],[72.32541656494158,10.952360153198185],[72.32569122314464,10.952360153198185],[72.32569122314464,10.952920913696516],[72.32597351074236,10.95291614532465],[72.32597351074236,10.95319461822504],[72.32653045654314,10.95319461822504]]],[[[72.33374786376982,10.95847320556669],[72.33374786376982,10.95819473266613],[72.3343048095706,10.95819473266613],[72.3343048095706,10.955972671509016],[72.33403015136724,10.955972671509016],[72.33403015136724,10.955695152282715],[72.33374786376982,10.955695152282715],[72.33374786376982,10.955416679382324],[72.33347320556646,10.95542144775419],[72.33347320556646,10.955141067504826],[72.33180236816435,10.95513916015625],[72.33180236816435,10.955695152282715],[72.33207702636736,10.955690383911246],[72.33207702636736,10.95681190490734],[72.3323593139649,10.95681190490734],[72.3323593139649,10.957640647888411],[72.33208465576189,10.957638740539835],[72.33208465576189,10.95847320556669],[72.33374786376982,10.95847320556669]]],[[[72.73153686523443,11.136249542236328],[72.73153686523443,11.135972023010254],[72.73236083984403,11.135972023010254],[72.73236083984403,11.135693550109863],[72.73291778564464,11.135693550109863],[72.73291778564464,11.135416030883789],[72.73346710205084,11.135420799255428],[72.73346710205084,11.135140419006461],[72.73374938964844,11.135140419006461],[72.73374938964844,11.134860038757324],[72.73402404785162,11.134860038757324],[72.73401641845709,11.134310722351074],[72.73430633544916,11.134310722351074],[72.73430633544916,11.132641792297363],[72.73401641845709,11.132641792297363],[72.73401641845709,11.130971908569393],[72.73374938964844,11.130971908569393],[72.73374938964844,11.130140304565373],[72.73346710205084,11.130140304565373],[72.73346710205084,11.129309654236067],[72.73319244384783,11.129309654236067],[72.73319244384783,11.128761291504134],[72.73291778564464,11.128761291504134],[72.73291778564464,11.128361701965446],[72.73291778564464,11.127915382385197],[72.73264312744158,11.127920150756893],[72.73264312744158,11.127359390258732],[72.73236083984403,11.127362251281795],[72.73236083984403,11.126805305481014],[72.73208618164068,11.126810073852539],[72.73208618164068,11.126249313354549],[72.73179626464872,11.126249313354549],[72.73179626464872,11.125691413879508],[72.7315292358399,11.125693321228084],[72.7315292358399,11.125139236450195],[72.73124694824213,11.125139236450195],[72.73124694824213,11.124309539795036],[72.73097229003912,11.124309539795036],[72.73097229003912,11.123750686645451],[72.73069763183594,11.123750686645451],[72.73069763183594,11.123190879821834],[72.73041534423834,11.123194694518986],[72.73041534423834,11.122917175293082],[72.73014068603533,11.12292194366455],[72.73014068603533,11.122630119323674],[72.72985839843761,11.122638702392521],[72.72985839843761,11.122361183166618],[72.72958374023455,11.122361183166618],[72.72958374023455,11.121805191040153],[72.72931671142607,11.121811866760197],[72.72930908203153,11.121231079101562],[72.72930908203153,11.120972633361873],[72.7290267944336,11.120972633361873],[72.7290267944336,11.120416641235579],[72.72875213623075,11.120422363281364],[72.72875213623075,11.119860649109114],[72.7290267944336,11.119860649109114],[72.7290267944336,11.11958312988287],[72.72791290283209,11.11959171295166],[72.72791290283209,11.119030952453727],[72.7276382446289,11.119030952453727],[72.7276382446289,11.11875057220459],[72.7273559570313,11.11875057220459],[72.7273559570313,11.118471145629883],[72.7270812988283,11.118473052978516],[72.7270812988283,11.118194580078125],[72.72680664062511,11.118194580078125],[72.72680664062511,11.11791706085205],[72.72651672363298,11.117920875549373],[72.72651672363298,11.117641448974723],[72.72598266601568,11.117641448974723],[72.72598266601568,11.117361068725529],[72.72569274902372,11.117361068725529],[72.72569274902372,11.117082595825195],[72.72541809082037,11.117082595825195],[72.72541809082037,11.116526603698674],[72.72513580322294,11.11653137207037],[72.72513580322294,11.116250991821403],[72.72486114501959,11.116250991821403],[72.72486114501959,11.11596965789795],[72.7243041992188,11.115973472595272],[72.7243041992188,11.115694999694881],[72.72374725341803,11.115694999694881],[72.72374725341803,11.115416526794547],[72.72347259521501,11.115421295166016],[72.72347259521501,11.115140914917049],[72.723197937012,11.115140914917049],[72.723197937012,11.114859580993766],[72.72291564941423,11.114859580993766],[72.72291564941423,11.114582061767692],[72.72264099121122,11.114582061767692],[72.72264099121122,11.114307403564453],[72.72235107421875,11.114311218261832],[72.72235107421875,11.114030838012695],[72.72180938720709,11.114030838012695],[72.72180175781256,11.113751411437988],[72.72152709960932,11.113751411437988],[72.72152709960932,11.113460540771598],[72.7209701538086,11.113471984863338],[72.7209701538086,11.113194465637207],[72.72069549560553,11.113194465637207],[72.72069549560553,11.112915992736816],[72.72041320800798,11.112920761108512],[72.72041320800798,11.112360000610352],[72.7201385498048,11.112360000610352],[72.7201385498048,11.112084388732853],[72.72041320800798,11.112084388732853],[72.72041320800798,11.111805915832463],[72.72070312500011,11.111810684204158],[72.72070312500011,11.111531257629451],[72.7209701538086,11.111531257629451],[72.7209701538086,11.111249923705998],[72.72070312500011,11.111249923705998],[72.72070312500011,11.110692024230957],[72.7201385498048,11.110693931579533],[72.7201385498048,11.110972404480094],[72.7198562622072,11.110969543457031],[72.7198562622072,11.111249923705998],[72.71901702880888,11.111249923705998],[72.71901702880888,11.111531257629451],[72.71986389160173,11.111528396606388],[72.71986389160173,11.112084388732853],[72.71819305419928,11.112079620361385],[72.71819305419928,11.112920761108512],[72.7179183959961,11.112915992736816],[72.7179183959961,11.113194465637207],[72.7176361083985,11.113189697265739],[72.7176361083985,11.113751411437988],[72.71736145019548,11.113751411437988],[72.71736145019548,11.114030838012695],[72.7170867919923,11.114030838012695],[72.7170867919923,11.114311218261832],[72.7168045043947,11.114307403564453],[72.7168045043947,11.114582061767692],[72.71652984619169,11.114582061767692],[72.71652984619169,11.114859580993766],[72.71624755859375,11.114859580993766],[72.71624755859375,11.115421295166016],[72.71597290039091,11.115416526794547],[72.71597290039091,11.115694999694881],[72.71569824218756,11.115690231323242],[72.71569061279303,11.116250991821403],[72.71541595458979,11.116250991821403],[72.71541595458979,11.116821289062443],[72.71514129638678,11.116821289062443],[72.71514129638678,11.117920875549373],[72.71541595458979,11.117920875549373],[72.71541595458979,11.121530532836971],[72.71569061279303,11.121526718139762],[72.71569824218756,11.122361183166618],[72.71597290039091,11.122361183166618],[72.71597290039091,11.123473167419377],[72.71624755859375,11.1234712600708],[72.71624755859375,11.124309539795036],[72.71597290039091,11.124309539795036],[72.71597290039091,11.125139236450195],[72.71624755859375,11.125139236450195],[72.71624755859375,11.125419616699162],[72.71652984619169,11.125416755676326],[72.71652984619169,11.125693321228084],[72.7170867919923,11.125693321228084],[72.7170867919923,11.125970840454158],[72.71736145019548,11.125970840454158],[72.71736145019548,11.126529693603516],[72.7176361083985,11.12652683258068],[72.7176361083985,11.127082824707145],[72.7179183959961,11.127080917358342],[72.7179183959961,11.127641677856502],[72.71819305419928,11.127641677856502],[72.71819305419928,11.127920150756893],[72.71847534179682,11.127915382385197],[72.71847534179682,11.128195762634391],[72.71902465820341,11.128195762634391],[72.71902465820341,11.128471374511662],[72.71958160400419,11.128471374511662],[72.71958160400419,11.128761291504134],[72.7198562622072,11.128761291504134],[72.7198562622072,11.129309654236067],[72.7201385498048,11.129305839538517],[72.7201385498048,11.129584312438908],[72.72041320800798,11.129584312438908],[72.72041320800798,11.129861831665039],[72.72070312500011,11.129861831665039],[72.72070312500011,11.130140304565373],[72.7209701538086,11.130140304565373],[72.7209701538086,11.13041973114025],[72.72152709960932,11.130417823791504],[72.72152709960932,11.130694389343262],[72.72208404541044,11.130694389343262],[72.72208404541044,11.130971908569393],[72.72235107421875,11.130971908569393],[72.72235107421875,11.131250381469727],[72.72264099121122,11.131250381469727],[72.72264099121122,11.131527900695858],[72.7229232788086,11.131527900695858],[72.7229232788086,11.13182163238531],[72.723197937012,11.131806373596248],[72.723197937012,11.132083892822322],[72.7240295410158,11.132083892822322],[72.7240295410158,11.132362365722713],[72.7245864868164,11.13236045837408],[72.7245864868164,11.132641792297363],[72.72486114501959,11.132641792297363],[72.72486114501959,11.132920265197754],[72.72541809082037,11.132916450500602],[72.72541809082037,11.133193969726676],[72.72569274902372,11.133193969726676],[72.72569274902372,11.133472442627067],[72.72598266601568,11.133469581604004],[72.72598266601568,11.133749961853141],[72.7262496948245,11.133749961853141],[72.7262496948245,11.134030342102278],[72.72680664062511,11.134030342102278],[72.72680664062511,11.134310722351074],[72.7270812988283,11.134305953979606],[72.7270812988283,11.134584426879996],[72.7276382446289,11.134584426879996],[72.7276382446289,11.134860038757324],[72.72791290283209,11.134860038757324],[72.72791290283209,11.135140419006461],[72.72820281982416,11.135140419006461],[72.72820281982416,11.135420799255428],[72.72875213623075,11.135416030883789],[72.72875213623075,11.135693550109863],[72.7290267944336,11.135693550109863],[72.7290267944336,11.135972023010254],[72.73014068603533,11.135972023010254],[72.73014068603533,11.136249542236328],[72.73153686523443,11.136249542236328]]],[[[72.10569763183611,11.21291637420677],[72.10569763183611,11.212639808654785],[72.10597229003935,11.212639808654785],[72.10597229003935,11.212081909179915],[72.10624694824236,11.21208381652832],[72.10624694824236,11.210971832275561],[72.10597229003935,11.210971832275561],[72.10597229003935,11.209861755371378],[72.10569763183611,11.209861755371378],[72.10569763183611,11.209305763244913],[72.10540771484403,11.209309577941895],[72.10540771484403,11.208751678467024],[72.10514068603521,11.208751678467024],[72.10514068603521,11.208471298218058],[72.1045761108399,11.208471298218058],[72.1045761108399,11.208751678467024],[72.1043090820312,11.208751678467024],[72.1043090820312,11.208190917968693],[72.10375213623064,11.20819568634056],[72.10375213623064,11.208471298218058],[72.10346984863287,11.208471298218058],[72.10346984863287,11.208751678467024],[72.10375213623064,11.208751678467024],[72.10375213623064,11.209309577941895],[72.10402679443365,11.209309577941895],[72.10402679443365,11.211250305175724],[72.1043090820312,11.211250305175724],[72.1043090820312,11.211529731750602],[72.10458374023443,11.211527824402026],[72.10458374023443,11.212362289428881],[72.10514068603521,11.212362289428881],[72.10514068603521,11.21291637420677],[72.10569763183611,11.21291637420677]]],[[[72.10291290283214,11.21514034271263],[72.10291290283214,11.214859962463493],[72.10320281982439,11.214859962463493],[72.10319519042986,11.214584350586165],[72.10375213623064,11.214584350586165],[72.10375213623064,11.214305877685774],[72.10402679443365,11.214310646057072],[72.10402679443365,11.214030265808105],[72.1045761108399,11.214030265808105],[72.1045761108399,11.213751792907715],[72.10485839843778,11.213751792907715],[72.10485839843778,11.213191032409782],[72.10458374023443,11.213193893432674],[72.10458374023443,11.21291637420677],[72.1043090820312,11.21291637420677],[72.1043090820312,11.212639808654785],[72.10402679443365,11.212639808654785],[72.10402679443365,11.21291637420677],[72.10346984863287,11.21291637420677],[72.10346984863287,11.213193893432674],[72.10319519042986,11.213193893432674],[72.10319519042986,11.213472366333235],[72.102348327637,11.213470458984432],[72.102348327637,11.213751792907715],[72.10151672363287,11.213751792907715],[72.10151672363287,11.214030265808105],[72.10098266601568,11.214030265808105],[72.10098266601568,11.214310646057072],[72.10013580322283,11.214310646057072],[72.10013580322283,11.214859962463493],[72.10041809082037,11.214859962463493],[72.10041809082037,11.21514034271263],[72.10291290283214,11.21514034271263]]],[[[72.79013824462919,11.259860992431868],[72.79013824462919,11.259583473205566],[72.7904129028322,11.259583473205566],[72.7904129028322,11.259026527405013],[72.79070281982433,11.259029388427678],[72.79070281982433,11.25819110870384],[72.79096984863298,11.258193016052246],[72.79096984863298,11.257917404174748],[72.79070281982433,11.25792026519781],[72.79070281982433,11.255421638488713],[72.7904129028322,11.255421638488713],[72.7904129028322,11.25431156158453],[72.79013824462919,11.25431156158453],[72.79013824462919,11.25374889373785],[72.78985595703142,11.25374889373785],[72.78985595703142,11.253190040588493],[72.78958129882841,11.253194808959961],[72.78958129882841,11.252638816833496],[72.78930664062506,11.252640724182243],[72.78930664062506,11.251811027526855],[72.7890167236331,11.251811027526855],[72.7890167236331,11.251530647277889],[72.7887573242188,11.251530647277889],[72.7887573242188,11.250690460205078],[72.78847503662104,11.250695228576944],[72.78847503662104,11.249582290649698],[72.7881927490235,11.249582290649698],[72.7881927490235,11.248750686645735],[72.78791809082048,11.248750686645735],[72.78791809082048,11.248189926147404],[72.78763580322271,11.248193740844783],[72.78763580322271,11.24791622161888],[72.7873611450197,11.247920989990348],[72.7873611450197,11.247079849243221],[72.78708648681669,11.24708461761469],[72.78708648681669,11.246804237365723],[72.78679656982439,11.246810913085994],[72.78679656982439,11.245961189270247],[72.78652954101591,11.24597167968767],[72.78652954101591,11.245694160461369],[72.78624725341797,11.245694160461369],[72.78624725341797,11.244859695434513],[72.78597259521513,11.244859695434513],[72.78597259521513,11.244305610657022],[72.78569030761724,11.24431133270258],[72.78569030761724,11.24347019195568],[72.785415649414,11.243472099304256],[72.785415649414,11.242362022399902],[72.785140991211,11.242362022399902],[72.785140991211,11.241250038146973],[72.78485870361328,11.241250038146973],[72.78485870361328,11.240420341491756],[72.78457641601568,11.240420341491756],[72.78457641601568,11.2401514053347],[72.78402709960949,11.2401514053347],[72.78402709960949,11.239310264587402],[72.78375244140642,11.239310264587402],[72.78375244140642,11.237640380859602],[72.78347015380888,11.237640380859602],[72.78347015380888,11.237361907959212],[72.78319549560547,11.237361907959212],[72.78319549560547,11.235971450805891],[72.7829132080081,11.235971450805891],[72.7829132080081,11.235139846801701],[72.78263092041021,11.235139846801701],[72.78263092041021,11.234310150146712],[72.78235626220732,11.234310150146712],[72.78235626220732,11.23347091674799],[72.78208160400396,11.23347091674799],[72.78208160400396,11.232083320617733],[72.78180694580078,11.232083320617733],[72.78180694580078,11.231804847717342],[72.78151702880865,11.231809616089038],[72.78151702880865,11.23097991943365],[72.78125000000017,11.23097991943365],[72.78125000000017,11.230422019958553],[72.78098297119169,11.230422019958553],[72.78098297119169,11.2293119430542],[72.78069305419939,11.2293119430542],[72.78069305419939,11.228751182556266],[72.78097534179699,11.228751182556266],[72.78097534179699,11.228470802307129],[72.78069305419939,11.228470802307129],[72.78069305419939,11.227083206176871],[72.78041839599638,11.227083206176871],[72.78041839599638,11.226529121399153],[72.78013610839861,11.226531028747559],[72.78013610839861,11.225692749023722],[72.7798614501956,11.225694656372298],[72.7798614501956,11.224861145019759],[72.77958679199224,11.224861145019759],[72.77958679199224,11.223751068115405],[72.77929687500028,11.223751068115405],[72.77929687500028,11.223190307617244],[72.77958679199224,11.223195075988713],[72.77958679199224,11.22291660308855],[72.77929687500028,11.222921371460018],[72.77929687500028,11.222359657287598],[72.77902984619146,11.222359657287598],[72.77902984619146,11.221806526184366],[72.7787475585937,11.221811294555664],[72.7787475585937,11.220420837402514],[72.77847290039068,11.220420837402514],[72.77847290039068,11.219579696655217],[72.77819824218767,11.219584465026855],[72.77819824218767,11.217362403869572],[72.7779159545899,11.217362403869572],[72.7779159545899,11.216806411743278],[72.77764129638689,11.216811180114746],[72.77764129638689,11.21598052978527],[72.77735900878935,11.21598052978527],[72.77735900878935,11.215419769287337],[72.77707672119158,11.215419769287337],[72.77707672119158,11.214310646057072],[72.77652740478521,11.214310646057072],[72.77652740478521,11.214030265808105],[72.77625274658232,11.214030265808105],[72.77625274658232,11.213470458984432],[72.77597045898443,11.213472366333235],[72.77597045898443,11.212639808654785],[72.7756958007812,11.212639808654785],[72.7756958007812,11.21208381652832],[72.77541351318365,11.21208381652832],[72.77541351318365,11.211806297302417],[72.77513885498064,11.211810111999569],[72.77513885498064,11.211529731750602],[72.77485656738287,11.211529731750602],[72.77485656738287,11.211250305175724],[72.77430725097685,11.211250305175724],[72.77430725097685,11.210971832275561],[72.77402496337908,11.210971832275561],[72.77402496337908,11.21069431304926],[72.77375030517607,11.21069431304926],[72.77375030517607,11.210140228271769],[72.77348327636724,11.210140228271769],[72.77348327636724,11.209850311279297],[72.77319335937528,11.209861755371378],[72.77319335937528,11.209305763244913],[72.77291870117193,11.209309577941895],[72.77291870117193,11.209030151367415],[72.77263641357416,11.209030151367415],[72.77263641357416,11.208190917968693],[72.77236175537115,11.20819568634056],[72.77236175537115,11.207915306091365],[72.77208709716814,11.207921981811637],[72.77208709716814,11.207639694213867],[72.77179718017584,11.207639694213867],[72.77179718017584,11.2073593139649],[72.77153015136736,11.207361221313704],[72.77153015136736,11.207082748413313],[72.77124786376964,11.207082748413313],[72.77124786376964,11.206805229187012],[72.77097320556658,11.206809997558878],[72.77097320556658,11.206249237060547],[72.77069091796903,11.206249237060547],[72.77069091796903,11.205693244934082],[72.77041625976562,11.205693244934082],[72.77041625976562,11.204860687255803],[72.77014160156278,11.204860687255803],[72.77014160156278,11.204583168029728],[72.7698593139649,11.204583168029728],[72.7698593139649,11.204304695129338],[72.76957702636747,11.204310417175293],[72.76957702636747,11.20404052734375],[72.76930236816412,11.20404052734375],[72.76930236816412,11.203190803527832],[72.76902770996094,11.203194618225154],[72.76902770996094,11.201805114746321],[72.76875305175787,11.201811790466365],[72.76875305175787,11.201251029968262],[72.76847076416033,11.201251029968262],[72.76847076416033,11.200690269470329],[72.76819610595714,11.200695037841797],[72.76819610595714,11.200416564941406],[72.76790618896501,11.200421333313045],[72.76790618896501,11.199309349060286],[72.76764678955107,11.199309349060286],[72.76764678955107,11.198189735412825],[72.76736450195312,11.19819545745878],[72.76736450195312,11.197639465332088],[72.76708221435575,11.197641372680891],[72.76708221435575,11.195969581604118],[72.7668075561524,11.19597339630127],[72.7668075561524,11.195417404174805],[72.76653289794916,11.195421218872184],[72.76653289794916,11.195140838623217],[72.76625061035162,11.195140838623217],[72.76625061035162,11.193470001220703],[72.76569366455084,11.193471908569506],[72.76569366455084,11.19263839721674],[72.76541900634783,11.192641258239803],[72.76541900634783,11.192079544067383],[72.76513671875006,11.192084312439022],[72.76513671875006,11.191805839538858],[72.76486206054705,11.191810607910327],[72.76486206054705,11.190970420837516],[72.76513671875006,11.190972328186092],[72.76513671875006,11.190137863159237],[72.76486206054705,11.190139770507812],[72.76486206054705,11.189029693603459],[72.76513671875006,11.189029693603459],[72.76513671875006,11.188750267028809],[72.7645797729495,11.188750267028809],[72.7645797729495,11.188471794128418],[72.76430511474626,11.188471794128418],[72.76430511474626,11.188194274902344],[72.76403045654325,11.188194274902344],[72.76403045654325,11.186528205871696],[72.76374816894537,11.186530113220442],[72.76374816894537,11.184860229492244],[72.76347351074247,11.184862136841048],[72.76347351074247,11.18375015258789],[72.76319122314459,11.18375015258789],[72.76319122314459,11.182917594909838],[72.76291656494135,11.182930946350325],[72.76291656494135,11.18208122253418],[72.76264190673834,11.182084083557072],[72.76264190673834,11.180971145629826],[72.7623596191408,11.180971145629826],[72.7623596191408,11.180418014526424],[72.76207733154303,11.180419921875227],[72.76207733154303,11.180138587951774],[72.76125335693376,11.180138587951774],[72.76125335693376,11.184583663940487],[72.761528015137,11.184583663940487],[72.761528015137,11.18569374084484],[72.76180267334001,11.185680389404354],[72.76180267334001,11.18680953979515],[72.76208496093756,11.18680572509777],[72.76208496093756,11.190972328186092],[72.7623596191408,11.190970420837516],[72.7623596191408,11.191810607910327],[72.76264190673834,11.191810607910327],[72.76264190673834,11.192641258239803],[72.76291656494135,11.19263839721674],[72.76291656494135,11.193471908569506],[72.76319122314459,11.193470001220703],[72.76319122314459,11.19431114196783],[72.76347351074247,11.194304466247559],[72.76347351074247,11.19458198547386],[72.76374816894537,11.19458198547386],[72.76374816894537,11.19569015502924],[72.76403045654325,11.195700645446834],[72.76403045654325,11.196531295776538],[72.76430511474626,11.196525573730582],[72.76430511474626,11.198472976684684],[72.76458740234403,11.19847106933588],[72.76458740234403,11.198751449585245],[72.76486206054705,11.198751449585245],[72.76486206054705,11.199030876159725],[72.76513671875006,11.199030876159725],[72.76513671875006,11.199309349060286],[72.76541900634783,11.199309349060286],[72.76541900634783,11.200140953064079],[72.76569366455084,11.200139045715332],[72.76569366455084,11.200695037841797],[72.76597595214844,11.200695037841797],[72.76597595214844,11.202082633972225],[72.76625061035162,11.202080726623649],[72.76625061035162,11.203750610351847],[72.76653289794916,11.203750610351847],[72.76653289794916,11.20404052734375],[72.7668075561524,11.204027175903434],[72.7668075561524,11.204583168029728],[72.76708221435575,11.204581260681152],[72.76708221435575,11.205419540405558],[72.76735687255876,11.205419540405558],[72.76735687255876,11.206249237060547],[72.76764678955107,11.206249237060547],[72.76764678955107,11.206809997558878],[72.76790618896501,11.206809997558878],[72.76790618896501,11.207639694213867],[72.76819610595714,11.207639694213867],[72.76819610595714,11.208471298218058],[72.76847076416033,11.208471298218058],[72.76847076416033,11.209584236145076],[72.76875305175787,11.209581375122013],[72.76875305175787,11.210140228271769],[72.76902770996094,11.210140228271769],[72.76902770996094,11.21069431304926],[72.76930236816412,11.21069431304926],[72.76930236816412,11.210971832275561],[72.76957702636747,11.210971832275561],[72.76957702636747,11.211810111999569],[72.7698593139649,11.211806297302417],[72.7698593139649,11.213193893432674],[72.77014160156278,11.213191032409782],[72.77014160156278,11.213751792907715],[72.77041625976562,11.213751792907715],[72.77041625976562,11.21514034271263],[72.77069091796903,11.21514034271263],[72.77069091796903,11.215694427490348],[72.77097320556658,11.215694427490348],[72.77097320556658,11.216250419616813],[72.77124786376964,11.216250419616813],[72.77124786376964,11.217639923095646],[72.77153015136736,11.21763801574707],[72.77153015136736,11.218194007873535],[72.77179718017584,11.218190193176383],[72.77179718017584,11.21875],[72.77208709716814,11.21875],[72.77208709716814,11.219584465026855],[72.77236175537115,11.219584465026855],[72.77236175537115,11.219860076904354],[72.77263641357416,11.219860076904354],[72.77263641357416,11.220420837402514],[72.77291870117193,11.220416069031046],[72.77291870117193,11.222082138061694],[72.77319335937528,11.22208023071289],[72.77319335937528,11.222921371460018],[72.77347564697271,11.22291660308855],[72.77347564697271,11.223472595215014],[72.77375030517607,11.223469734191951],[72.77375030517607,11.224310874939022],[72.77347564697271,11.224305152893066],[72.77347564697271,11.224582672119368],[72.77319335937528,11.224577903747502],[72.77319335937528,11.226250648498763],[72.77430725097685,11.226250648498763],[72.77430725097685,11.226531028747559],[72.77458190917986,11.226529121399153],[72.77458190917986,11.227083206176871],[72.77485656738287,11.227081298828068],[72.77485656738287,11.227922439575195],[72.77513885498064,11.22791671752941],[72.77513885498064,11.229582786560059],[72.77540588378912,11.229580879211653],[72.77540588378912,11.230422019958553],[72.7756958007812,11.230422019958553],[72.7756958007812,11.23125076293968],[72.77597045898443,11.23125076293968],[72.77597045898443,11.232919692993391],[72.77625274658232,11.232919692993391],[72.77625274658232,11.234310150146712],[72.77652740478521,11.234310150146712],[72.77652740478521,11.235139846801701],[72.77680206298857,11.235139846801701],[72.77680206298857,11.235695838928393],[72.77707672119158,11.235691070556697],[72.77707672119158,11.236530303955249],[72.77735900878935,11.236530303955249],[72.77735900878935,11.237919807434082],[72.77764129638689,11.237917900085506],[72.77764129638689,11.238471984863565],[72.7779159545899,11.238471984863565],[72.7779159545899,11.239031791687012],[72.77819061279314,11.23902797698986],[72.77819061279314,11.239862442016715],[72.7779159545899,11.239862442016715],[72.7779159545899,11.240971565246582],[72.77819061279314,11.240969657898006],[72.77819824218767,11.241250038146973],[72.77847290039068,11.241250038146973],[72.77847290039068,11.241810798645076],[72.7787475585937,11.241806030273438],[72.7787475585937,11.242083549499512],[72.77902984619146,11.242081642151106],[72.77902984619146,11.242639541625977],[72.77930450439482,11.2426376342774],[72.77930450439482,11.243193626403865],[72.77958679199224,11.243188858032227],[72.77958679199224,11.244029998779524],[72.7798614501956,11.244028091430721],[72.7798614501956,11.24458217620861],[72.78013610839861,11.24458217620861],[72.78013610839861,11.244859695434513],[72.78041839599638,11.244861602783487],[72.78041839599638,11.245694160461369],[72.78069305419939,11.245690345764217],[72.78069305419939,11.246530532837198],[72.78097534179699,11.246527671814135],[72.78097534179699,11.24708461761469],[72.78125000000017,11.24708461761469],[72.78125000000017,11.247360229492188],[72.78152465820318,11.247360229492188],[72.78152465820318,11.248193740844783],[72.78180694580078,11.248193740844783],[72.78180694580078,11.248473167419434],[72.78208160400396,11.248470306396541],[72.78208160400396,11.249311447143668],[72.7823638916015,11.2493066787722],[72.7823638916015,11.249860763550089],[72.78263092041021,11.249857902527026],[72.78263092041021,11.250420570373535],[72.7829132080081,11.250416755676554],[72.7829132080081,11.250972747802848],[72.78320312500006,11.250972747802848],[72.78320312500006,11.251811027526855],[72.78347015380888,11.2518053054809],[72.78347015380888,11.252361297607592],[72.78375244140642,11.252361297607592],[72.78375244140642,11.252919197082633],[72.78402709960949,11.252917289734057],[72.78402709960949,11.25374889373785],[72.78430175781267,11.25374889373785],[72.78430175781267,11.25431156158453],[72.78457641601568,11.25431156158453],[72.78457641601568,11.25486087799095],[72.78485870361328,11.25486087799095],[72.78485870361328,11.255152702331657],[72.785140991211,11.255152702331657],[72.785140991211,11.255421638488713],[72.785415649414,11.255416870117244],[72.785415649414,11.255970954895133],[72.78569030761724,11.255970954895133],[72.78569030761724,11.256531715393066],[72.78597259521513,11.256526947021598],[72.78597259521513,11.257082939147892],[72.78624725341797,11.257082939147892],[72.78624725341797,11.257361412048454],[72.78652954101591,11.257361412048454],[72.78652954101591,11.257640838623331],[72.78679656982439,11.257640838623331],[72.78679656982439,11.25792026519781],[72.78708648681669,11.257917404174748],[72.78708648681669,11.258193016052246],[72.78791809082048,11.258194923400822],[72.78791809082048,11.258473396301213],[72.7887573242188,11.25847053527832],[72.7887573242188,11.258750915527514],[72.78930664062506,11.258749008178711],[72.78930664062506,11.259583473205566],[72.78958129882841,11.259583473205566],[72.78958129882841,11.259860992431868],[72.79013824462919,11.259860992431868]]],[[[73.00096893310564,11.488194465637434],[73.00096893310564,11.487915992737044],[73.0015258789062,11.487920761108512],[73.0015258789062,11.486810684204329],[73.00208282470732,11.486810684204329],[73.00208282470732,11.485692024230957],[73.00235748291021,11.485693931579533],[73.00235748291021,11.48486232757574],[73.00180816650396,11.48486232757574],[73.00180816650396,11.484581947326603],[73.00125122070318,11.484581947326603],[73.00125122070318,11.48486232757574],[73.00096893310564,11.484860420227164],[73.00096893310564,11.485421180725098],[73.0006942749024,11.485416412353459],[73.0006942749024,11.48708438873308],[73.00041961669939,11.487079620361385],[73.00041961669939,11.487920761108512],[73.0006942749024,11.487915992737044],[73.0006942749024,11.488194465637434],[73.00096893310564,11.488194465637434]]],[[[72.99986267089861,11.497921943664778],[72.99986267089861,11.497361183166447],[73.00013732910185,11.497361183166447],[73.00013732910185,11.497640609741325],[73.0015258789062,11.497640609741325],[73.0015258789062,11.497361183166447],[73.00208282470732,11.497361183166447],[73.00208282470732,11.497082710266056],[73.00219726562506,11.497082710266056],[73.00235748291021,11.497082710266056],[73.00235748291021,11.496805191040153],[73.0026397705081,11.496811866760424],[73.0026397705081,11.496530532836971],[73.00290679931658,11.496530532836971],[73.00290679931658,11.496251106262264],[73.00319671630888,11.496251106262264],[73.00319671630888,11.495970726013297],[73.00375366210949,11.495972633361873],[73.00375366210949,11.495416641235408],[73.00402832031267,11.495421409606877],[73.00402832031267,11.49514102935791],[73.00430297851568,11.49514102935791],[73.00430297851568,11.494580268859977],[73.00458526611328,11.49458312988304],[73.00458526611328,11.49402904510498],[73.00485992431646,11.494030952453556],[73.00485992431646,11.493470191955794],[73.005142211914,11.493473052978516],[73.005142211914,11.493194580078125],[73.00541687011724,11.493194580078125],[73.00541687011724,11.49291706085205],[73.0056915283206,11.492930412292537],[73.0056915283206,11.492641448974723],[73.00596618652361,11.492641448974723],[73.00596618652361,11.492361068725756],[73.00624847412138,11.492361068725756],[73.00624847412138,11.492079734802473],[73.00653076171892,11.492081642150879],[73.00653076171892,11.491529464721964],[73.00681304931669,11.49153137207054],[73.00681304931669,11.491250991821403],[73.00708007812517,11.491250991821403],[73.00708007812517,11.490690231323242],[73.00736236572271,11.490694046020621],[73.00736236572271,11.490138053894157],[73.00763702392578,11.490140914917049],[73.00763702392578,11.489871978759766],[73.0079193115235,11.489871978759766],[73.0079193115235,11.489311218261832],[73.00817871093778,11.489311218261832],[73.00817871093778,11.4887504577639],[73.00846862792974,11.4887504577639],[73.00846862792974,11.488189697265568],[73.00875091552763,11.488194465637434],[73.00875091552763,11.487360000610579],[73.00903320312506,11.487360000610579],[73.00902557373047,11.486249923706225],[73.00930786132841,11.486249923706225],[73.00930786132841,11.485139846802042],[73.00958251953142,11.485139846802042],[73.00958251953142,11.483740806579704],[73.00930786132841,11.48375034332281],[73.00930786132841,11.482361793518066],[73.00958251953142,11.482361793518066],[73.00958251953142,11.48180961608898],[73.00985717773449,11.48180961608898],[73.00985717773449,11.48042011260992],[73.0101394653322,11.48042011260992],[73.0101394653322,11.479859352111816],[73.00986480712919,11.47986221313488],[73.00986480712919,11.47791767120384],[73.0101394653322,11.477931022644157],[73.0101394653322,11.477361679077205],[73.01040649414068,11.477361679077205],[73.01040649414068,11.475141525268668],[73.01069641113298,11.475141525268668],[73.01069641113298,11.474028587341422],[73.010971069336,11.474028587341422],[73.010971069336,11.473470687866381],[73.01125335693354,11.473472595214957],[73.01125335693354,11.472360610962198],[73.01152801513678,11.472360610962198],[73.01152801513678,11.4715318679809],[73.01125335693354,11.4715318679809],[73.01125335693354,11.470971107482967],[73.010971069336,11.470973014831543],[73.010971069336,11.470417022705078],[73.01069641113298,11.470421791076944],[73.01069641113298,11.469861030578613],[73.01040649414068,11.469861030578613],[73.01040649414068,11.469580650329817],[73.0101394653322,11.469582557678223],[73.0101394653322,11.469306945800724],[73.00985717773449,11.46931171417259],[73.00985717773449,11.469031333923397],[73.00958251953142,11.469031333923397],[73.00958251953142,11.468740463256836],[73.00930786132841,11.46875095367426],[73.00930786132841,11.468473434448356],[73.00875091552763,11.468473434448356],[73.00875091552763,11.468194961547965],[73.0081939697265,11.468194961547965],[73.0081939697265,11.467917442321891],[73.00763702392578,11.467921257019043],[73.00763702392578,11.467640876770076],[73.00708007812517,11.467640876770076],[73.00708007812517,11.467921257019043],[73.00680541992199,11.467917442321891],[73.00680541992199,11.468194961547965],[73.00653076171892,11.468190193176497],[73.00653076171892,11.47014141082758],[73.00681304931669,11.47014141082758],[73.00681304931669,11.470421791076944],[73.00708007812517,11.470417022705078],[73.00708007812517,11.470973014831543],[73.00736236572271,11.470973014831543],[73.00736236572271,11.471804618835733],[73.00708007812517,11.471799850463867],[73.00708007812517,11.472640991210994],[73.00680541992199,11.472639083862589],[73.00680541992199,11.473472595214957],[73.00653076171892,11.473470687866381],[73.00653076171892,11.474028587341422],[73.00624847412138,11.474026679992846],[73.00624847412138,11.47458267211914],[73.00596618652361,11.474580764770735],[73.00596618652361,11.475421905517805],[73.0056915283206,11.475421905517805],[73.0056915283206,11.476251602172852],[73.00540924072271,11.476251602172852],[73.00540924072271,11.47681045532238],[73.005142211914,11.47681045532238],[73.005142211914,11.477931022644157],[73.00485992431646,11.477931022644157],[73.00485992431646,11.47875022888212],[73.00459289550798,11.47875022888212],[73.00459289550798,11.479310035705566],[73.00430297851568,11.479310035705566],[73.00430297851568,11.480139732360954],[73.00402832031267,11.480139732360954],[73.00402832031267,11.480972290039062],[73.00375366210949,11.480972290039062],[73.00375366210949,11.483194351196516],[73.00347137451189,11.483194351196516],[73.00347137451189,11.484550476074332],[73.00347137451189,11.485421180725098],[73.00319671630888,11.485421180725098],[73.00319671630888,11.487640380859546],[73.00291442871111,11.487638473510742],[73.00291442871111,11.488194465637434],[73.0026397705081,11.488194465637434],[73.0026397705081,11.488471984863338],[73.00235748291021,11.488471984863338],[73.00237274169928,11.4887504577639],[73.00208282470732,11.4887504577639],[73.00208282470732,11.489529609680403],[73.00208282470732,11.490694046020621],[73.00196838378906,11.490692138672046],[73.00180816650396,11.490690231323242],[73.00180816650396,11.49153137207054],[73.0015258789062,11.49153137207054],[73.0015258789062,11.491808891296444],[73.00125122070318,11.491806983947868],[73.00125122070318,11.492081642150879],[73.00041961669939,11.492079734802473],[73.00041961669939,11.492361068725756],[73.00013732910185,11.492361068725756],[72.99986267089861,11.492361068725756],[72.99958038330107,11.492361068725756],[72.99958038330107,11.492079734802473],[72.99903106689482,11.492079734802473],[72.99903106689482,11.492361068725756],[72.99874877929693,11.492361068725756],[72.99874877929693,11.492641448974723],[72.9984741210937,11.49263858795166],[72.9984741210937,11.493194580078125],[72.99819183349615,11.49318790435808],[72.99819183349615,11.49375057220459],[72.99791717529314,11.49375057220459],[72.99791717529314,11.494311332702921],[72.9976425170899,11.49430465698265],[72.9976425170899,11.49458312988304],[72.99736022949236,11.494580268859977],[72.99736022949236,11.49514102935791],[72.99709320068388,11.49514102935791],[72.99709320068388,11.495421409606877],[72.99680328369158,11.495421409606877],[72.99680328369158,11.496530532836971],[72.99709320068388,11.496530532836971],[72.99709320068388,11.496811866760424],[72.99736022949236,11.496805191040153],[72.99736022949236,11.497082710266056],[72.9976425170899,11.497082710266056],[72.9976425170899,11.497361183166447],[72.99819183349615,11.497361183166447],[72.99819183349615,11.497640609741325],[72.99874877929693,11.497640609741325],[72.99874877929693,11.497921943664778],[72.99986267089861,11.497921943664778]]],[[[72.18624877929693,11.601260185241927],[72.18624877929693,11.600970268249625],[72.1865310668947,11.600973129272688],[72.1865310668947,11.600417137146223],[72.18708038330072,11.600420951843205],[72.18708038330072,11.600140571594238],[72.1873626708985,11.600140571594238],[72.1873626708985,11.599861145019588],[72.18791961669928,11.599861145019588],[72.18791961669928,11.599584579467773],[72.18819427490263,11.599584579467773],[72.18819427490263,11.599304199218977],[72.18846893310564,11.599310874939249],[72.18846893310564,11.599031448364371],[72.18875122070341,11.599031448364371],[72.18875122070341,11.598751068115234],[72.18902587890642,11.598751068115234],[72.18902587890642,11.598190307617472],[72.18930816650396,11.598194122314453],[72.18930816650396,11.597638130187988],[72.18956756591791,11.597640991211051],[72.18956756591791,11.596811294555664],[72.18930816650396,11.596811294555664],[72.18930816650396,11.596249580383414],[72.18902587890642,11.596249580383414],[72.18902587890642,11.595970153808764],[72.18596649169939,11.595970153808764],[72.18596649169939,11.596249580383414],[72.18569183349621,11.596249580383414],[72.18569183349621,11.596530914306868],[72.18541717529314,11.596528053283805],[72.18541717529314,11.597082138061523],[72.18514251709013,11.597080230713118],[72.18514251709013,11.597359657287598],[72.18486022949219,11.597359657287598],[72.18486022949219,11.597921371460188],[72.18458557128935,11.597915649414062],[72.18458557128935,11.598472595214844],[72.18430328369146,11.598469734192122],[72.18430328369146,11.600140571594238],[72.18458557128935,11.600138664245833],[72.18458557128935,11.600694656372127],[72.18486022949219,11.600694656372127],[72.18486022949219,11.60107135772705],[72.18486022949219,11.601260185241927],[72.18508911132818,11.601260185241927],[72.18624877929693,11.601260185241927]]],[[[72.71402740478527,11.706251144409407],[72.71402740478527,11.705967903137207],[72.71430206298845,11.705972671509016],[72.71430206298845,11.705415725708065],[72.71457672119146,11.70542144775402],[72.71457672119146,11.705141067504883],[72.71485900878906,11.705141067504883],[72.71485900878906,11.7048597335816],[72.71514129638678,11.7048597335816],[72.71514129638678,11.7040309906007],[72.71541595458979,11.7040309906007],[72.71541595458979,11.703749656677246],[72.71569824218756,11.703749656677246],[72.71569824218756,11.703460693359432],[72.71597290039091,11.703472137451172],[72.71597290039091,11.703193664550781],[72.71624755859375,11.703193664550781],[72.71624755859375,11.702360153198413],[72.71652984619169,11.702360153198413],[72.71652984619169,11.702083587646598],[72.7168045043947,11.702083587646598],[72.7168045043947,11.699028015136946],[72.71653747558622,11.699029922485352],[72.71653747558622,11.698749542236555],[72.7168045043947,11.698749542236555],[72.71679687500017,11.698191642761287],[72.71708679199247,11.69819355011009],[72.71708679199247,11.6973619461059],[72.71736145019548,11.6973619461059],[72.71736145019548,11.696869850158635],[72.71708679199247,11.696809768676985],[72.71708679199247,11.696440696716252],[72.71708679199247,11.694583892822322],[72.7168045043947,11.694583892822322],[72.7168045043947,11.69363975524925],[72.7168045043947,11.693193435669173],[72.71652984619169,11.693193435669173],[72.71652984619169,11.692083358764648],[72.71624755859375,11.692083358764648],[72.71624755859375,11.691527366638184],[72.71597290039091,11.69154071807884],[72.71597290039091,11.690971374511719],[72.71569824218756,11.690971374511719],[72.71569824218756,11.690417289734],[72.71541595458979,11.690420150757063],[72.71541595458979,11.690141677856673],[72.71514129638678,11.690141677856673],[72.71514129638678,11.689580917358569],[72.71485900878906,11.689582824707145],[72.71485900878906,11.68930530548107],[72.71457672119146,11.689311981201115],[72.71457672119146,11.689031600952148],[72.71430206298845,11.689031600952148],[72.71430206298845,11.688480377197322],[72.71402740478527,11.688480377197322],[72.71402740478527,11.688191413879338],[72.7137527465822,11.688195228576717],[72.7137527465822,11.687850952148551],[72.7137527465822,11.687639236450423],[72.71359252929693,11.687639236450423],[72.71347045898466,11.687639236450423],[72.71347045898466,11.687370300292969],[72.71319580078125,11.687360763549862],[72.71319580078125,11.687081336975154],[72.71291351318388,11.687083244323958],[72.71291351318388,11.686804771423567],[72.71263885498053,11.686809539795036],[72.71263885498053,11.686532020569132],[72.7123565673831,11.686532020569132],[72.7123565673831,11.686250686645508],[72.71208190917974,11.686250686645508],[72.71208190917974,11.685689926147745],[72.71180725097656,11.685694694519213],[72.71180725097656,11.685417175292912],[72.71151733398443,11.685421943664778],[72.71151733398443,11.685140609741325],[72.71125030517595,11.685140609741325],[72.71125030517595,11.68458080291748],[72.71097564697277,11.684582710266056],[72.71097564697277,11.684305191039982],[72.71069335937517,11.684311866760424],[72.71069335937517,11.684030532837141],[72.71041107177763,11.684030532837141],[72.71041107177763,11.68319034576416],[72.71013641357439,11.683195114135799],[72.71013641357439,11.682639122009334],[72.70986175537138,11.68264102935791],[72.70986175537138,11.68234920501726],[72.70958709716803,11.682360649108944],[72.70958709716803,11.68208312988304],[72.7093048095706,11.68208312988304],[72.7093048095706,11.681804656982479],[72.70903015136724,11.681811332702921],[72.70903015136724,11.681530952453556],[72.70874786376947,11.681530952453556],[72.70874786376947,11.68125057220459],[72.70847320556646,11.68125057220459],[72.70847320556646,11.680970191955623],[72.70791625976568,11.680973052978516],[72.70791625976568,11.680694580078125],[72.70708465576189,11.680694580078125],[72.70708465576189,11.68041706085205],[72.70597076416021,11.68041706085205],[72.70597076416021,11.680694580078125],[72.70486450195318,11.680694580078125],[72.70486450195318,11.680973052978516],[72.70458221435564,11.680970191955623],[72.70458221435564,11.68125057220459],[72.70402526855486,11.68125057220459],[72.70402526855486,11.682360649108944],[72.70430755615263,11.68234920501726],[72.70430755615263,11.683751106262264],[72.70458221435564,11.683751106262264],[72.70458221435564,11.684030532837141],[72.70513916015642,11.684030532837141],[72.70513916015642,11.684311866760424],[72.70597076416021,11.684305191039982],[72.70597076416021,11.684582710266056],[72.706527709961,11.684582710266056],[72.706527709961,11.684861183166447],[72.70680236816435,11.684861183166447],[72.70680236816435,11.685140609741325],[72.70707702636736,11.685140609741325],[72.70707702636736,11.685421943664778],[72.70735931396513,11.685417175292912],[72.70735931396513,11.685973167419604],[72.70764160156267,11.6859712600708],[72.70764160156267,11.686809539795036],[72.70791625976568,11.686809539795036],[72.70791625976568,11.687639236450423],[72.70819091796892,11.687639236450423],[72.70819091796892,11.688195228576717],[72.70847320556646,11.688191413879338],[72.70847320556646,11.690420150757063],[72.70874786376947,11.690420150757063],[72.70874786376947,11.691248893737793],[72.70903015136724,11.691248893737793],[72.70903015136724,11.691809654235897],[72.7093048095706,11.691804885864258],[72.7093048095706,11.692083358764648],[72.70958709716803,11.692081451416072],[72.70958709716803,11.69264030456543],[72.70986175537138,11.69264030456543],[72.70986175537138,11.693750381469783],[72.70958709716803,11.693750381469783],[72.70958709716803,11.6943101882934],[72.70929718017607,11.6943101882934],[72.70929718017607,11.69514179229759],[72.70986175537138,11.69514179229759],[72.70986175537138,11.694858551025334],[72.71013641357439,11.694862365722884],[72.71013641357439,11.694583892822322],[72.71069335937517,11.694583892822322],[72.71069335937517,11.694862365722884],[72.71098327636747,11.694858551025334],[72.71098327636747,11.695420265197754],[72.71125030517595,11.695416450500602],[72.71125030517595,11.695972442627067],[72.71151733398443,11.695968627929688],[72.71151733398443,11.696251869201944],[72.71180725097656,11.696251869201944],[72.71180725097656,11.6973619461059],[72.71208190917974,11.6973619461059],[72.71208190917974,11.697919845581168],[72.71236419677729,11.697917938232592],[72.71236419677729,11.698472023010254],[72.71263885498053,11.698472023010254],[72.71263885498053,11.699584007263411],[72.71291351318388,11.699584007263411],[72.71291351318388,11.700694084167765],[72.71319580078125,11.700689315795898],[72.71319580078125,11.701250076294059],[72.71347045898466,11.701250076294059],[72.71347045898466,11.701530456543196],[72.7137527465822,11.701530456543196],[72.7137527465822,11.701810836791992],[72.71402740478527,11.701804161071948],[72.71402740478527,11.702083587646598],[72.71430206298845,11.702083587646598],[72.71430206298845,11.702360153198413],[72.71457672119146,11.702360153198413],[72.71457672119146,11.702639579772892],[72.71485900878906,11.702637672424316],[72.71485900878906,11.703193664550781],[72.71457672119146,11.7031898498538],[72.71457672119146,11.7040309906007],[72.71430206298845,11.704028129577637],[72.71430206298845,11.704582214355696],[72.71402740478527,11.70458030700712],[72.71402740478527,11.705141067504883],[72.7137527465822,11.705141067504883],[72.7137527465822,11.70542144775402],[72.71347045898466,11.70542144775402],[72.71347045898466,11.706251144409407],[72.71402740478527,11.706251144409407]]]]}},{"type":"Feature","properties":{"ID_0":105,"ISO":"IND","NAME_0":"India","ID_1":20,"NAME_1":"Madhya Pradesh","TYPE_1":"State","ENGTYPE_1":"State"},"geometry":{"type":"Polygon","coordinates":[[[78.36464691162126,26.86884117126465],[78.56584930419922,26.7576904296875],[78.71534729003935,26.80021286010765],[78.99317932128912,26.684570312500114],[78.97962188720709,26.57407951354992],[79.13374328613287,26.344970703125],[78.9426727294923,26.13914108276373],[79.00315093994169,26.081792831421012],[78.8619232177735,25.799198150634822],[78.74681854248075,25.749090194702205],[78.80519104003935,25.624557495117188],[78.42933654785162,25.56385993957531],[78.29551696777372,25.374799728393555],[78.44291687011724,25.128770828247127],[78.32776641845732,25.08876991271967],[78.32753753662115,24.99955940246582],[78.16380310058611,24.85709953308117],[78.26847839355463,24.66710090637207],[78.21971893310553,24.522779464721623],[78.38236999511736,24.273929595947322],[78.50537109374994,24.39394950866705],[78.79168701171892,24.180240631103572],[78.96687316894537,24.353660583496094],[78.8817214965822,24.63969993591303],[78.7494659423831,24.604980468750114],[78.78054046630871,24.81497192382824],[78.62204742431652,24.964900970458984],[78.56858062744146,25.258609771728516],[78.42736053466791,25.2886714935305],[78.65271759033209,25.444000244140682],[78.76438140869135,25.35840034484869],[78.81291198730474,25.430427551269588],[78.73175048828153,25.500650405883846],[78.83426666259771,25.432460784912166],[78.88553619384783,25.560770034790096],[78.97850799560553,25.37601280212408],[78.78328704833984,25.303180694580192],[78.84175109863287,25.229160308838004],[78.876518249512,25.34445953369152],[78.9557723999024,25.347761154174805],[78.87713623046892,25.162181854248104],[78.99581146240234,25.195938110351562],[79.00496673583984,25.276969909668082],[79.02176666259771,25.143190383911133],[79.08429718017595,25.19252967834467],[79.12433624267595,25.11186981201172],[79.27654266357439,25.12026023864769],[79.27359771728527,25.248119354248047],[79.34696197509771,25.214241027831974],[79.25650787353533,25.279470443725586],[79.30422210693376,25.339849472046012],[79.35296630859403,25.265380859375],[79.49040222167974,25.27034950256342],[79.39914703369135,25.113460540771484],[79.48987579345709,25.082750320434627],[79.56552124023455,25.177551269531307],[79.84921264648443,25.096981048584098],[79.84713745117199,25.240200042724666],[80.25586700439459,25.428710937500057],[80.42369842529303,25.17414283752464],[80.28195953369146,25.063220977783317],[80.3141021728515,25.003509521484375],[80.49420928955095,25.045320510864258],[80.47612762451178,25.102251052856502],[80.60678100585943,25.07217979431158],[80.5945892333985,25.155241012573185],[80.673568725586,25.054170608520735],[80.77593994140625,25.061691284179688],[80.69963836669939,25.137149810791016],[80.82769775390636,25.110309600830135],[80.8780364990235,25.195600509643782],[80.80220031738276,24.944459915161133],[81.07641601562511,24.95226097106945],[81.13244628906256,24.89207077026373],[81.21260833740246,24.93452072143549],[81.26911926269526,25.167739868164062],[81.48372650146501,25.074939727783203],[81.56639862060553,25.195749282837028],[81.60434722900396,25.060749053955192],[81.89846801757818,25.009620666503906],[81.95915222167997,24.830610275268498],[82.19596862792974,24.82452964782715],[82.17288208007812,24.739570617675838],[82.24365997314459,24.775751113891715],[82.29393005371088,24.613740921020565],[82.40917205810564,24.597829818725813],[82.42015075683605,24.7052516937257],[82.52926635742216,24.651960372924805],[82.65792846679693,24.700397491455305],[82.79637145996111,24.59976005554205],[82.71253204345709,24.55621910095215],[82.76413726806658,24.292430877685604],[82.65738677978521,24.134798049926815],[82.8077774047851,23.963058471679688],[82.62951660156256,23.839000701904297],[82.49665069580107,23.785049438476506],[81.91644287109403,23.872989654541243],[81.81172943115263,23.809499740600643],[81.66159820556652,23.925598144531364],[81.596908569336,23.889022827148438],[81.68728637695318,23.721349716186523],[81.56973266601562,23.588649749755973],[81.60704803466808,23.506889343261776],[81.91635894775396,23.532091140747127],[81.9761199951173,23.413110733032283],[82.18585968017584,23.325389862060774],[82.15107727050776,23.14174079895031],[81.93810272216803,23.077810287475586],[81.9402465820313,22.957090377807617],[81.76940155029325,22.87350845336914],[81.76272583007841,22.663589477539062],[81.61579132080084,22.539020538330135],[81.39655303955095,22.441320419311523],[81.32293701171892,22.524330139160156],[81.10999298095714,22.441120147705135],[81.00427246093756,22.070020675659407],[80.90608978271496,22.11444091796875],[80.81120300292986,21.747491836547795],[80.7185287475586,21.711860656738338],[80.6629180908206,21.337339401245117],[80.40336608886713,21.37648963928234],[80.26022338867193,21.620149612426815],[79.91581726074247,21.52448081970215],[79.73262023925781,21.602529525757063],[79.53662109375011,21.544218063354606],[79.488578796387,21.674121856689453],[79.22869110107439,21.72392845153803],[79.21990203857439,21.650810241699276],[78.91323852539068,21.59235954284668],[78.93183135986357,21.48740005493164],[78.43009948730474,21.50175094604498],[78.37951660156267,21.61865043640131],[77.9387817382813,21.386909484863395],[77.58444213867199,21.364479064941406],[77.48702239990263,21.377750396728516],[77.41696929931646,21.533060073852653],[77.6071166992188,21.54277038574213],[77.54218292236345,21.701030731201172],[77.47547149658209,21.771440505981502],[77.28623962402361,21.762750625610295],[76.7953491210938,21.5975399017334],[76.78418731689453,21.466489791870117],[76.624526977539,21.33510017395031],[76.6233673095706,21.192659378051758],[76.48737335205107,21.196060180664062],[76.37637329101591,21.07731056213379],[76.17263793945341,21.0846004486084],[76.0986709594726,21.37392807006836],[75.21985626220709,21.410869598388786],[74.9018783569336,21.630229949951115],[74.5588760375976,21.682081222534237],[74.44603729248053,22.026519775390625],[74.28971099853544,21.935791015625227],[74.14601898193365,21.954059600830192],[74.09770202636736,22.01545906066889],[74.18070983886719,22.08660125732422],[74.07198333740251,22.360240936279297],[74.19106292724615,22.321929931640568],[74.29418182373064,22.394468307495345],[74.19082641601568,22.477880477905387],[74.1230010986331,22.420810699463004],[74.04463958740263,22.542121887207088],[74.15332031250011,22.517419815063533],[74.26535797119158,22.64483070373541],[74.38108825683622,22.638639450073356],[74.47891998291044,22.858640670776367],[74.32277679443376,23.062690734863395],[74.74569702148443,23.21211051940918],[74.51830291748064,23.3287296295166],[74.61338043212919,23.46136093139654],[74.93972015380871,23.630371093749943],[74.90567779541033,23.87391090393072],[74.99298858642572,24.029701232910213],[74.89428710937506,24.261680603027457],[74.75280761718778,24.28265953063965],[74.85813140869135,24.467332839965934],[74.71193695068365,24.510940551757926],[74.81710815429716,24.67167091369629],[74.79931640625006,24.79564094543457],[74.89285278320307,24.655349731445426],[75.02137756347685,24.772859573364315],[74.84889221191412,24.792659759521484],[74.8327102661134,24.96745109558111],[75.04338836669939,24.859228134155217],[75.15912628173828,25.04547119140625],[75.34558868408209,25.042800903320312],[75.26145172119146,24.88965988159191],[75.4170989990235,24.863901138305607],[75.3057327270509,24.813329696655273],[75.20819091796892,24.909999847412166],[75.2169494628908,24.722410202026424],[75.8387527465822,24.72986984252924],[75.9089965820313,24.456140518188477],[75.79113006591803,24.47520256042486],[75.72688293457043,24.40527915954584],[75.82688140869135,24.246410369873047],[75.74349212646513,24.13960075378418],[75.8337631225586,24.075429916381893],[75.70040893554716,23.96906089782709],[75.51438140869146,24.048732757568473],[75.45649719238298,23.920740127563477],[75.58252716064482,23.800359725952205],[75.68447875976568,23.760568618774414],[75.7023315429687,23.904050827026367],[75.77706146240263,23.853870391845703],[75.97582244873075,23.932939529418945],[75.96018218994169,24.025369644165096],[76.1346969604495,24.095289230346793],[76.18548583984392,24.331510543823242],[76.21556854248075,24.216808319091797],[76.46994781494146,24.231399536132812],[76.53143310546903,24.16346931457531],[76.69296264648466,24.28504943847662],[76.70114135742193,24.171440124511832],[76.89994049072294,24.13111114501953],[76.94444274902361,24.206291198730526],[76.81459045410162,24.53437042236351],[76.91287231445324,24.54356956481928],[76.96531677246105,24.460861206054688],[77.06469726562511,24.569910049438533],[77.02665710449236,24.71092033386236],[76.80158233642595,24.819839477539062],[76.9489212036134,24.872869491577376],[76.85434722900419,25.010311126708984],[77.39852905273432,25.11327171325695],[77.361343383789,25.41296005249029],[77.28298187255876,25.423589706421012],[77.20514678955078,25.311429977417106],[76.77009582519548,25.312191009521484],[76.56427764892578,25.442401885986442],[76.48239135742216,25.718130111694336],[76.59272766113298,25.874168395996037],[76.74546813964844,25.90923118591303],[77.12403106689482,26.23795127868658],[77.81299591064447,26.554809570312557],[77.8945770263673,26.66221046447754],[78.08573913574247,26.68305015563965],[78.10552215576178,26.800752639770565],[78.36464691162126,26.86884117126465]]]}},{"type":"Feature","properties":{"ID_0":105,"ISO":"IND","NAME_0":"India","ID_1":21,"NAME_1":"Maharashtra","TYPE_1":"State","ENGTYPE_1":"State"},"geometry":{"type":"MultiPolygon","coordinates":[[[[74.43554687500006,22.030998229980526],[74.5905532836914,21.66415977478033],[74.9018783569336,21.630229949951115],[75.30190277099615,21.389249801635742],[76.0986709594726,21.37392807006836],[76.13566589355497,21.126211166381836],[76.28176879882841,21.07530975341797],[76.6233673095706,21.192659378051758],[76.624526977539,21.33510017395031],[76.78418731689453,21.466489791870117],[76.7953491210938,21.5975399017334],[77.28623962402361,21.762750625610295],[77.47547149658209,21.771440505981502],[77.54218292236345,21.701030731201172],[77.6071166992188,21.54277038574213],[77.41696929931646,21.533060073852653],[77.48702239990263,21.377750396728516],[77.58444213867199,21.364479064941406],[77.9387817382813,21.386909484863395],[78.37951660156267,21.61865043640131],[78.43009948730474,21.50175094604498],[78.93183135986357,21.48740005493164],[78.91323852539068,21.59235954284668],[79.21990203857439,21.650810241699276],[79.22869110107439,21.72392845153803],[79.488578796387,21.674121856689453],[79.53662109375011,21.544218063354606],[79.73262023925781,21.602529525757063],[79.91581726074247,21.52448081970215],[80.26022338867193,21.620149612426815],[80.40336608886713,21.37648963928234],[80.67378997802763,21.30908012390131],[80.43331909179682,21.09715080261242],[80.58011627197271,20.683641433715877],[80.4815979003908,20.61709976196289],[80.62232208251982,20.603862762451286],[80.61776733398438,20.33368110656744],[80.38295745849604,20.241720199584904],[80.3938369750976,20.144020080566463],[80.54615783691412,20.065710067749023],[80.52037811279303,19.93087959289562],[80.40629577636719,19.932500839233512],[80.4975204467774,19.8687496185305],[80.39470672607428,19.79457855224615],[80.54242706298828,19.819271087646484],[80.65685272216791,19.612260818481445],[80.89206695556658,19.465681076049805],[80.78793334960955,19.426700592041016],[80.84500885009771,19.36091041564947],[80.74923706054688,19.286741256713867],[80.61015319824236,19.307140350341797],[80.56781768798845,19.400920867919865],[80.47558593750006,19.33504295349121],[80.26772308349638,18.98732948303234],[80.34622192382818,18.81108093261713],[80.11081695556658,18.676189422607422],[79.89401245117193,18.830839157104606],[79.93448638916027,19.02169990539545],[79.85804748535185,19.104110717773438],[79.94320678710943,19.170600891113224],[79.97305297851591,19.401020050049055],[79.78542327880876,19.5935897827149],[79.4704208374024,19.49745178222662],[79.24386596679716,19.612552642822493],[79.17778778076178,19.460691452026367],[78.95455169677729,19.551830291748047],[78.9689559936524,19.649232864379883],[78.8588027954101,19.656311035156307],[78.84562683105497,19.758350372314396],[78.49391937255854,19.793149948120117],[78.31019592285168,19.91274070739746],[78.3677368164063,19.781080245971793],[78.26972198486334,19.66312980651861],[78.308891296387,19.456409454345817],[78.18216705322271,19.411769866943473],[78.1700592041015,19.236330032348633],[77.94892120361334,19.341279983520735],[77.8608779907226,19.302129745483512],[77.84813690185564,19.090080261230582],[77.75739288330084,19.028551101684513],[77.94255065917986,18.822290420532454],[77.73285675048857,18.676000595092773],[77.7365112304687,18.554809570312557],[77.59726715087919,18.54754066467285],[77.5259399414062,18.42735099792486],[77.57022857666033,18.308179855346737],[77.36252593994158,18.308290481567496],[77.41011047363293,18.388530731201172],[77.31741333007824,18.45379066467308],[77.10888671875006,18.15269088745123],[76.95410919189482,18.184890747070256],[76.9164428710938,17.9150905609132],[76.7406768798831,17.898010253906364],[76.78816986084013,17.82647132873541],[76.69055175781267,17.679952621460075],[76.52369689941406,17.75889015197754],[76.4892959594726,17.660669326782227],[76.33167266845709,17.594869613647575],[76.38170623779325,17.311809539794865],[76.24436187744169,17.374679565429688],[76.17575836181658,17.297210693359318],[76.12120819091814,17.366340637207088],[75.93115234375011,17.32411003112793],[75.88723754882818,17.417329788208235],[75.80233764648438,17.370101928710938],[75.63558959960938,17.47751045227045],[75.57853698730463,17.382930755615348],[75.65988922119146,17.261440277099553],[75.67460632324224,16.96026992797846],[75.28843688964838,16.954772949218807],[75.21585845947271,16.840339660644588],[75.09041595459013,16.948650360107365],[74.93839263916044,16.94099044799816],[74.92382049560553,16.769950866699276],[74.69819641113287,16.71520042419445],[74.69037628173834,16.604459762573242],[74.57405090332037,16.551969528198185],[74.47738647460966,16.660779953003157],[74.3899230957033,16.527900695800838],[74.27155303955084,16.53866004943859],[74.36911010742188,16.394329071045036],[74.33383941650408,16.26807022094738],[74.51329803466797,16.20122909545904],[74.48908996582048,16.087320327758846],[74.36815643310547,16.052959442138615],[74.4702758789063,16.040540695190487],[74.36485290527372,15.773651123046875],[74.227348327637,15.785671234130916],[74.0279312133789,15.604599952697868],[73.8734970092774,15.795321464538631],[73.67708587646513,15.725417137146223],[73.45486450195341,16.05513954162626],[73.40541839599615,16.40486145019554],[73.31624603271484,16.51346969604498],[73.39402770996122,16.55264091491722],[73.31680297851557,16.600969314575252],[73.2543029785158,17.02736091613764],[73.3198623657226,17.038194656372355],[73.18930816650396,17.297920227051065],[73.24402618408209,17.307361602783317],[73.16708374023432,17.405138015747127],[73.13263702392584,17.83013916015642],[72.93096923828125,18.220417022705192],[72.96457672119158,18.280139923095817],[73.0881958007813,18.151527404785156],[73.08790588378935,18.326810836791992],[73.0279159545899,18.264305114746094],[72.91401672363298,18.354852676391715],[72.85514068603521,18.696809768676815],[72.86930847167997,18.80458259582548],[72.98264312744135,18.809579849243278],[72.90791320800798,18.902084350585938],[73.03234863281256,18.99930953979498],[72.96319580078125,19.0584716796875],[72.80764007568365,18.890970230102596],[72.82986450195307,19.18236351013195],[72.78013610839861,19.166250228881893],[72.83957672119169,19.267360687255973],[72.7823638916015,19.193195343017692],[72.78624725341797,19.52597236633312],[72.71819305419928,19.53874969482439],[72.6506958007813,19.854310989379883],[72.69013977050787,19.95819473266613],[72.75485992431669,19.927360534668196],[72.73764038085943,20.13653945922863],[72.8745422363283,20.225809097289982],[73.18144226074236,20.05162048339838],[73.31114959716797,20.207210540771484],[73.42682647705107,20.2015705108642],[73.39134979248075,20.390199661254996],[73.50074005126953,20.540241241455078],[73.40158081054693,20.649209976196403],[73.45868682861357,20.714319229125977],[73.67070770263678,20.5623397827149],[73.94953155517595,20.7423095703125],[73.90644836425787,20.98315048217779],[73.58830261230474,21.167900085449446],[73.82254791259771,21.171920776367244],[73.9528427124024,21.40237045288086],[74.33551788330072,21.540229797363338],[73.86078643798822,21.49582290649414],[73.78761291503912,21.625049591064567],[73.89636230468756,21.700281143188704],[73.81051635742193,21.823337554931697],[74.43554687500006,22.030998229980526]]]]}},{"type":"Feature","properties":{"ID_0":105,"ISO":"IND","NAME_0":"India","ID_1":22,"NAME_1":"Manipur","TYPE_1":"State","ENGTYPE_1":"State"},"geometry":{"type":"Polygon","coordinates":[[[94.57723236084013,25.648330688476676],[94.55741882324213,25.512769699096737],[94.68242645263678,25.45973014831543],[94.58535766601568,25.215749740600586],[94.745658874512,25.13659095764166],[94.74221038818388,25.02524948120123],[94.32634735107428,24.33894920349121],[94.16146087646479,23.85277938842796],[93.8159866333009,23.929828643799055],[93.75694274902361,24.009492874145565],[93.5087127685548,23.948900222778434],[93.35143280029314,24.11241912841797],[93.25528717041016,24.023790359497127],[93.24801635742216,24.08533859252941],[93.10092163085949,24.045089721679688],[92.97637939453153,24.11482048034668],[93.10978698730486,24.809740066528263],[93.19735717773438,24.811260223388786],[93.40357208251959,25.263071060180778],[93.47402191162138,25.309280395507812],[93.6080169677735,25.20205116271984],[93.83648681640642,25.563060760498047],[94.01473236083996,25.59613037109375],[94.30898284912115,25.49380111694336],[94.57723236084013,25.648330688476676]]]}},{"type":"Feature","properties":{"ID_0":105,"ISO":"IND","NAME_0":"India","ID_1":23,"NAME_1":"Meghalaya","TYPE_1":"State","ENGTYPE_1":"State"},"geometry":{"type":"Polygon","coordinates":[[[91.85383605957037,26.10478973388672],[91.92209625244158,25.999530792236442],[92.30158233642607,26.076490402221623],[92.15631866455095,25.944799423218],[92.22547912597685,25.907049179077205],[92.16069793701189,25.671859741210938],[92.38510131835966,25.75356292724615],[92.57250213623064,25.56042098999046],[92.65345764160168,25.592180252075195],[92.56741333007818,25.46747016906744],[92.78437042236328,25.332538604736442],[92.80356597900402,25.217239379882926],[92.52466583251959,25.140029907226506],[92.42590332031261,25.031820297241325],[92.07176971435541,25.189622879028434],[91.64453125,25.122720718383732],[91.27378845214861,25.204307556152287],[90.45236206054693,25.144502639770508],[89.83426666259766,25.295669555664006],[89.87010192871122,25.54422187805187],[90.01844024658209,25.608390808105696],[89.89541625976568,25.744119644165153],[90.11865234375,25.961259841918945],[90.47728729248047,26.01526069641119],[90.51254272460955,25.896240234375057],[90.58245849609386,25.95979118347168],[90.624809265137,25.89889907836914],[90.94274902343761,25.947570800781364],[91.02922058105469,25.888048171997127],[91.00078582763666,25.82225036621105],[91.19647979736322,25.859010696411133],[91.22387695312506,25.723419189453182],[91.3335571289063,25.83884048461914],[91.52540588378912,25.872890472412223],[91.47476196289057,25.87123107910179],[91.57583618164091,26.03310966491722],[91.66931152343744,25.90538978576666],[91.73126220703153,26.0592098236084],[91.85383605957037,26.10478973388672]]]}},{"type":"Feature","properties":{"ID_0":105,"ISO":"IND","NAME_0":"India","ID_1":24,"NAME_1":"Mizoram","TYPE_1":"State","ENGTYPE_1":"State"},"geometry":{"type":"Polygon","coordinates":[[[92.80079650878923,24.419050216674805],[93.02435302734392,24.390470504760742],[92.97637939453153,24.11482048034668],[93.33737182617193,24.05340003967291],[93.44470214843767,23.68242835998541],[93.39364624023443,23.13861274719261],[93.29772186279303,23.005798339843807],[93.13294219970709,23.047500610351562],[93.16835021972673,22.919130325317496],[93.09175109863287,22.709341049194393],[93.20858001709001,22.26106834411621],[93.15441131591814,22.1781902313233],[93.0466613769533,22.197620391845817],[93.00924682617188,21.983930587768555],[92.95580291748075,22.02992057800293],[92.91088867187506,21.946229934692326],[92.71788787841803,22.152629852295036],[92.60968017578142,21.97683715820324],[92.52697753906256,22.676160812377987],[92.37542724609375,22.934881210327262],[92.40863037109392,23.246080398559513],[92.25939941406278,23.81499099731468],[92.33114624023466,23.9118022918704],[92.29660797119169,24.251729965209904],[92.42237854003923,24.253110885620117],[92.46597290039091,24.134750366211165],[92.7651977539063,24.520849227905387],[92.80079650878923,24.419050216674805]]]}},{"type":"Feature","properties":{"ID_0":105,"ISO":"IND","NAME_0":"India","ID_1":25,"NAME_1":"Nagaland","TYPE_1":"State","ENGTYPE_1":"State"},"geometry":{"type":"Polygon","coordinates":[[[95.21444702148449,26.936950683593693],[95.23763275146501,26.686290740966797],[95.06630706787104,26.456779479980696],[95.1357421875,26.387832641601506],[95.1205673217774,26.109741210937443],[95.18569946289057,26.080350875854492],[95.0218658447265,25.90999984741211],[95.05252838134794,25.762659072875977],[94.90499114990251,25.56711006164562],[94.63297271728516,25.465658187866268],[94.55741882324213,25.512769699096737],[94.57301330566418,25.69765090942377],[94.31353759765625,25.49447059631342],[94.01473236083996,25.59613037109375],[93.83648681640642,25.563060760498047],[93.6125793457033,25.20619010925293],[93.505142211914,25.24413108825678],[93.46186828613298,25.4346981048584],[93.3317413330081,25.546810150146484],[93.77301788330084,25.966020584106445],[93.79576110839855,25.814350128173942],[93.97939300537115,25.919679641723633],[94.0048065185548,26.17327117919922],[94.27674102783209,26.558839797973633],[94.31651306152372,26.462930679321516],[94.46452331542997,26.667510986328125],[94.7563705444336,26.7722682952882],[94.92376708984386,26.950330734252987],[95.02134704589861,26.925399780273494],[95.1955184936524,27.042949676513672],[95.21444702148449,26.936950683593693]]]}},{"type":"Feature","properties":{"ID_0":105,"ISO":"IND","NAME_0":"India","ID_1":26,"NAME_1":"Orissa","TYPE_1":"State","ENGTYPE_1":"State"},"geometry":{"type":"MultiPolygon","coordinates":[[[[86.87065124511736,20.771778106689453],[87.00138854980474,20.715829849243164],[86.85917663574213,20.66472053527832],[86.87832641601568,20.733060836791935],[86.77379608154303,20.646387100219897],[86.87065124511736,20.771778106689453]]],[[[86.07834625244158,22.530410766601506],[86.43335723876959,22.301540374755916],[86.49994659423834,22.34095191955572],[86.72097015380865,22.216840744018555],[86.71544647216803,22.14349174499523],[86.96705627441412,22.077751159668082],[87.03024291992216,21.865310668945256],[87.234848022461,21.954380035400447],[87.27156066894548,21.80340003967285],[87.46605682373075,21.72519111633318],[87.48110961914091,21.60777854919428],[87.10694885253906,21.51773452758789],[86.82250213623075,21.193889617919922],[86.9702758789063,20.823329925537337],[86.82776641845703,20.771669387817496],[86.7556991577149,20.613344192504996],[87.04518890380876,20.709484100341854],[86.73388671875017,20.47916603088379],[86.7691726684572,20.331111907959098],[86.45999908447283,20.162221908569336],[86.4713897705081,20.09749984741228],[86.55889129638678,20.200559616088867],[86.38749694824219,19.976388931274414],[86.247856140137,20.053188323974894],[86.36266326904325,19.95277976989763],[85.41919708251959,19.623069763183594],[84.77791595459001,19.110139846802042],[84.66501617431658,19.15673065185547],[84.59011840820318,19.013380050659293],[84.56613922119169,19.065038681030558],[84.41513061523455,19.013860702514876],[84.42938995361357,18.913682937622184],[84.31249237060547,18.779190063476676],[83.88687896728521,18.805408477783317],[83.62328338623053,19.15363121032715],[83.53138732910185,19.00542068481451],[83.45939636230474,19.06967163085949],[83.45548248291044,18.945579528808594],[83.30526733398455,18.989681243896598],[83.3963012695313,18.83070945739746],[83.20506286621122,18.715860366821516],[83.13295745849638,18.772449493408146],[83.00968170166021,18.63652992248541],[83.08933258056658,18.537910461425895],[83.01541137695318,18.444429397583065],[83.0533905029298,18.375299453735295],[82.90274810791044,18.35591125488287],[82.79917144775419,18.439401626586914],[82.62687683105474,18.22874069213873],[82.47400665283203,18.5368328094483],[82.36128997802751,18.40991020202631],[82.33444213867193,18.3171329498291],[82.39301300048834,18.306440353393782],[82.30609893798857,18.195659637451115],[82.36429595947294,18.134859085083065],[82.26725006103516,17.98644065856945],[82.02465820312517,18.057880401611385],[81.61115264892595,17.81536293029785],[81.3849716186524,17.806592941284293],[81.52796173095703,18.259080886840934],[81.74491119384771,18.345350265503157],[81.94690704345709,18.55915069580078],[81.88537597656244,18.65032958984375],[82.07858276367216,18.71208190917963],[82.23956298828153,18.910459518432617],[82.15978240966803,19.12648010253912],[82.18305969238293,19.417610168456974],[82.02239227294922,19.501802444458008],[82.05982971191412,19.78309822082514],[81.84963226318365,19.908050537109375],[81.86653900146501,20.03603935241705],[81.94135284423834,20.102251052856445],[82.02440643310575,20.010040283203068],[82.23062896728516,19.998081207275504],[82.33944702148443,19.8299617767334],[82.44239044189453,19.902982711791935],[82.59349822998053,19.864540100097656],[82.5850601196289,19.771049499511662],[82.70271301269548,19.831039428711165],[82.70748901367205,19.990219116210938],[82.39086151123064,20.059589385986328],[82.42916870117182,20.425752639770508],[82.32401275634777,20.55388069152832],[82.34661865234392,20.883848190307845],[82.4590530395509,20.823841094970703],[82.63594055175781,21.149450302124023],[82.95606994628912,21.175489425659237],[83.11984252929705,21.101060867309684],[83.27001953125006,21.375038146972884],[83.40265655517607,21.34843063354515],[83.33463287353533,21.495550155639705],[83.38072204589872,21.612751007080078],[83.48454284667986,21.62556266784668],[83.41974639892584,21.675020217895508],[83.46717834472673,21.78273963928234],[83.58447265625017,21.843601226806697],[83.53244781494146,22.03404808044445],[83.62628173828125,22.20585823059082],[84.00421142578153,22.36766052246105],[83.99429321289091,22.52881050109869],[84.28922271728516,22.337320327758846],[85.06249237060564,22.478410720825195],[85.11445617675787,22.290489196777344],[84.98742675781256,22.076738357543945],[85.09543609619169,22.099451065063477],[85.230941772461,22.00027084350586],[85.36319732666044,22.154569625854606],[85.6815032958985,22.04878044128418],[85.80204772949224,22.110830307006893],[85.76074981689453,21.989719390869254],[85.90542602539068,21.96663093566889],[86.04328918457037,22.306190490722713],[85.95813751220697,22.47618103027355],[86.07834625244158,22.530410766601506]]]]}},{"type":"Feature","properties":{"ID_0":105,"ISO":"IND","NAME_0":"India","ID_1":27,"NAME_1":"Puducherry","VARNAME_1":"Pondicherry|Puduchcheri|Pondichry","TYPE_1":"Union Territor","ENGTYPE_1":"Union Territory"},"geometry":{"type":"MultiPolygon","coordinates":[[[[79.74823760986345,10.981531143188704],[79.85457611084013,10.976021766662654],[79.85124969482439,10.813771247863826],[79.70423126220709,10.918870925903434],[79.74823760986345,10.981531143188704]]],[[[79.69048309326178,12.001120567321777],[79.73690032959013,11.907170295715275],[79.83763885498075,11.94054985046398],[79.80041503906278,11.808399200439453],[79.65907287597668,11.865669250488281],[79.72489929199247,11.891510009765852],[79.64234161376947,11.975811004638615],[79.69048309326178,12.001120567321777]]],[[[75.37460327148466,12.149080276489371],[75.2645797729495,12.01930999755865],[75.29597473144537,11.947916030883732],[75.22113037109392,12.100951194763297],[75.37460327148466,12.149080276489371]]]]}},{"type":"Feature","properties":{"ID_0":105,"ISO":"IND","NAME_0":"India","ID_1":28,"NAME_1":"Punjab","TYPE_1":"State","ENGTYPE_1":"State"},"geometry":{"type":"Polygon","coordinates":[[[75.86876678466803,32.48868179321312],[75.9321670532226,32.41682052612316],[75.62254333496105,32.23468017578125],[75.6618270874024,32.16466903686535],[75.57875823974626,32.08168029785156],[75.89454650878935,31.949800491333235],[76.17282867431669,31.306739807129077],[76.29609680175781,31.31920051574707],[76.36313629150396,31.44135093688982],[76.43113708496094,31.282840728759822],[76.62594604492193,31.227090835571346],[76.61006927490251,31.004230499267692],[76.84678649902361,30.792520523071232],[76.69068145751982,30.746660232544173],[76.86222839355486,30.67927169799799],[76.92729949951178,30.388639450073185],[76.75786590576172,30.438890457153263],[76.71515655517595,30.332910537719727],[76.54763793945341,30.26492118835455],[76.63891601562506,30.205940246582315],[76.60105133056669,30.08023071289074],[76.45208740234403,30.100709915161246],[76.41020202636736,30.202289581299],[76.32289886474615,30.108221054077262],[76.20387268066412,30.158901214599723],[76.25499725341803,30.104579925537053],[76.16629028320318,29.9286594390872],[76.24201202392584,29.869028091430835],[76.04148101806658,29.748781204223746],[75.77162170410173,29.825389862060547],[75.56878662109403,29.74262046813959],[75.44426727294916,29.807849884033374],[75.22348022460943,29.546171188354492],[75.15783691406267,29.662710189819336],[75.23097991943388,29.75206756591797],[75.18234252929716,29.838701248169116],[75.09017944335943,29.806661605835075],[75.0848007202149,29.915140151977482],[74.9899291992187,29.85646057128912],[74.80117797851568,29.992572784423942],[74.639633178711,29.903949737548828],[73.89118194580084,29.970069885254077],[73.96810913085949,30.184299468994254],[73.87321472167986,30.38343811035179],[74.55839538574224,31.06752586364746],[74.69442749023449,31.095439910888786],[74.50459289550787,31.13850975036644],[74.64206695556658,31.459960937500227],[74.56620025634771,31.50083923339872],[74.51728057861357,31.72291183471691],[74.59910583496122,31.88511085510254],[74.91426086425798,32.06521987915045],[75.23916625976574,32.08715057373058],[75.36315155029308,32.23468017578125],[75.32530212402361,32.34284210205084],[75.47223663330084,32.34004974365246],[75.4989471435548,32.27532958984381],[75.872543334961,32.57619094848633],[75.86876678466803,32.48868179321312]]]}},{"type":"Feature","properties":{"ID_0":105,"ISO":"IND","NAME_0":"India","ID_1":29,"NAME_1":"Rajasthan","VARNAME_1":"Greater Rajasthan|Rajputana","TYPE_1":"State","ENGTYPE_1":"State"},"geometry":{"type":"Polygon","coordinates":[[[73.88944244384783,29.97760963439964],[74.51906585693376,29.943349838256893],[74.55356597900408,29.865640640259016],[74.46526336669939,29.787549972534407],[74.6054000854495,29.752880096435547],[74.61440277099626,29.527111053466854],[74.529106140137,29.449539184570312],[74.59577941894537,29.328311920166016],[74.84113311767607,29.404069900512923],[75.07807922363298,29.232450485229663],[75.39570617675787,29.261940002441463],[75.36115264892595,29.14262008667015],[75.51110076904303,29.010829925537337],[75.46707916259771,28.926250457763672],[75.55570983886736,28.614591598511026],[75.77031707763678,28.407619476318303],[75.92237854003918,28.368909835815543],[76.09288787841803,28.155218124389705],[75.93608856201178,28.093530654907454],[76.035629272461,28.073980331421126],[75.92362213134783,27.933090209960994],[75.96308135986328,27.864730834960938],[76.22328186035173,27.840930938720817],[76.15493774414057,27.9989910125733],[76.17733764648443,28.059259414672965],[76.33679962158209,28.029661178588867],[76.28885650634766,28.182672500610636],[76.47099304199213,28.154741287231502],[76.45372772216803,28.049669265747298],[76.53852081298828,28.039119720458928],[76.53819274902344,27.97054100036621],[76.80580902099615,28.215890884399414],[76.89984893798834,28.20476913452171],[76.96176147460938,28.144010543823356],[76.9026260375976,27.658519744873274],[77.07921600341825,27.738410949707145],[77.03827667236345,27.820041656494197],[77.29538726806658,27.799840927124194],[77.33513641357428,27.530021667480526],[77.43189239501982,27.399158477783317],[77.61411285400408,27.3433895111084],[77.67299652099604,27.200361251831225],[77.49841308593756,27.095190048217887],[77.75501251220697,27.02276039123541],[77.4224700927735,26.867019653320312],[77.44831085205072,26.7467498779298],[77.49797821044928,26.847949981689567],[77.7533798217774,26.937738418579215],[78.022026062012,26.860870361328125],[78.11489868164091,26.954860687255916],[78.2622375488283,26.923511505126896],[78.17975616455107,26.793569564819563],[78.09983062744169,26.79700851440441],[78.08573913574247,26.68305015563965],[77.8945770263673,26.66221046447754],[77.81299591064447,26.554809570312557],[77.12403106689482,26.23795127868658],[76.74546813964844,25.90923118591303],[76.59272766113298,25.874168395996037],[76.48239135742216,25.718130111694336],[76.56427764892578,25.442401885986442],[76.77009582519548,25.312191009521484],[77.20514678955078,25.311429977417106],[77.28298187255876,25.423589706421012],[77.361343383789,25.41296005249029],[77.39852905273432,25.11327171325695],[76.85434722900419,25.010311126708984],[76.9489212036134,24.872869491577376],[76.80158233642595,24.819839477539062],[77.02665710449236,24.71092033386236],[77.06469726562511,24.569910049438533],[76.96531677246105,24.460861206054688],[76.91287231445324,24.54356956481928],[76.81459045410162,24.53437042236351],[76.94444274902361,24.206291198730526],[76.89994049072294,24.13111114501953],[76.70114135742193,24.171440124511832],[76.69296264648466,24.28504943847662],[76.53143310546903,24.16346931457531],[76.46994781494146,24.231399536132812],[76.21556854248075,24.216808319091797],[76.18548583984392,24.331510543823242],[76.1346969604495,24.095289230346793],[75.96018218994169,24.025369644165096],[75.97582244873075,23.932939529418945],[75.77706146240263,23.853870391845703],[75.7023315429687,23.904050827026367],[75.68447875976568,23.760568618774414],[75.58252716064482,23.800359725952205],[75.45649719238298,23.920740127563477],[75.51438140869146,24.048732757568473],[75.70040893554716,23.96906089782709],[75.8337631225586,24.075429916381893],[75.74349212646513,24.13960075378418],[75.82688140869135,24.246410369873047],[75.72688293457043,24.40527915954584],[75.79113006591803,24.47520256042486],[75.9089965820313,24.456140518188477],[75.8387527465822,24.72986984252924],[75.2169494628908,24.722410202026424],[75.20819091796892,24.909999847412166],[75.3057327270509,24.813329696655273],[75.4170989990235,24.863901138305607],[75.26145172119146,24.88965988159191],[75.34558868408209,25.042800903320312],[75.15912628173828,25.04547119140625],[75.04338836669939,24.859228134155217],[74.84635162353533,24.974290847778434],[74.84889221191412,24.792659759521484],[75.02023315429716,24.752767562866325],[74.89285278320307,24.655349731445426],[74.79931640625006,24.79564094543457],[74.81710815429716,24.67167091369629],[74.71193695068365,24.510940551757926],[74.85813140869135,24.467332839965934],[74.75280761718778,24.28265953063965],[74.89428710937506,24.261680603027457],[74.99298858642572,24.029701232910213],[74.90567779541033,23.87391090393072],[74.93972015380871,23.630371093749943],[74.61338043212919,23.46136093139654],[74.51830291748064,23.3287296295166],[74.74569702148443,23.21211051940918],[74.32277679443376,23.062690734863395],[73.97103118896479,23.377138137817383],[73.894271850586,23.337139129638672],[73.83213043212919,23.446750640869254],[73.6327514648438,23.452392578125114],[73.66073608398455,23.62290191650402],[73.51348876953142,23.616811752319336],[73.50853729248064,23.70333099365257],[73.3626480102539,23.78742980957037],[73.42468261718756,23.931060791015682],[73.37346649169922,24.12813949584961],[73.24582672119169,24.010709762573242],[73.08268737792974,24.184980392455998],[73.23147583007818,24.364660263061467],[73.08496093750006,24.39447021484375],[73.09438323974638,24.49472808837902],[72.92391204833984,24.326322555541935],[72.73253631591808,24.361270904541243],[72.69725036621105,24.45721054077171],[72.54457855224626,24.506851196289062],[72.46467590332037,24.40711975097662],[72.44248962402344,24.504249572753963],[72.2509994506836,24.580160140991325],[72.35378265380854,24.61810111999523],[72.16539764404314,24.61450004577648],[72.052490234375,24.705789566039982],[71.94419097900396,24.626779556274528],[71.87647247314459,24.675159454345703],[71.85839080810558,24.60416984558117],[71.79898834228533,24.670520782470817],[71.2977371215822,24.607641220092717],[71.11927795410162,24.668649673461914],[70.89430999755876,25.144058227539062],[70.67417144775385,25.3893203735351],[70.66596221923857,25.69722938537592],[70.27961730957037,25.701259613037223],[70.09607696533203,25.944316864013672],[70.16773986816435,26.550743103027344],[69.81536102294922,26.592157363891545],[69.48373413085943,26.806230545044002],[69.58666229248064,27.177984237671012],[70.01626586914068,27.55599594116211],[70.15695190429705,27.83404922485363],[70.36616516113298,28.00824928283697],[70.5626296997072,28.019802093505973],[70.75766754150402,27.7172088623048],[70.8841705322265,27.69840049743658],[71.89737701416016,27.957420349121094],[71.9332580566408,28.126859664917106],[72.1844253540039,28.358005523681925],[72.38469696044922,28.763940811157283],[72.94171905517584,29.027200698852596],[73.27131652832037,29.55696105957037],[73.39137268066435,29.93787002563488],[73.9663162231447,30.195049285888672],[73.88944244384783,29.97760963439964]]]}},{"type":"Feature","properties":{"ID_0":105,"ISO":"IND","NAME_0":"India","ID_1":30,"NAME_1":"Sikkim","TYPE_1":"State","ENGTYPE_1":"State"},"geometry":{"type":"Polygon","coordinates":[[[88.64525604248064,28.09912109375017],[88.8290557861331,28.015159606933878],[88.88138580322283,27.89253044128418],[88.76706695556669,27.5649604797365],[88.90727233886747,27.28354072570812],[88.73253631591825,27.137350082397745],[88.55899047851591,27.188751220703125],[88.43194580078153,27.081609725952205],[88.09266662597656,27.136278152465934],[88.01696777343767,27.21887207031267],[88.04633331298845,27.49576568603527],[88.20392608642584,27.837314605712834],[88.12390899658232,27.95092010498064],[88.64525604248064,28.09912109375017]]]}},{"type":"Feature","properties":{"ID_0":105,"ISO":"IND","NAME_0":"India","ID_1":31,"NAME_1":"Tamil Nadu","VARNAME_1":"Madras|Tamilnad","TYPE_1":"State","ENGTYPE_1":"State"},"geometry":{"type":"MultiPolygon","coordinates":[[[[79.31236267089838,9.328472137451172],[79.43985748291021,9.158194541931152],[79.21458435058594,9.254028320312727],[79.31236267089838,9.328472137451172]]],[[[80.07582092285168,13.526760101318416],[80.32903289794939,13.36653041839594],[80.32624816894537,13.44264030456543],[80.25402832031244,12.77903079986578],[80.15598297119135,12.466810226440373],[80.01708221435575,12.340419769287166],[79.83763885498075,11.94054985046398],[79.73690032959013,11.907170295715275],[79.74964904785162,11.986130714416731],[79.64234161376947,11.975811004638615],[79.72489929199247,11.891510009765852],[79.65907287597668,11.865669250488281],[79.80069732666033,11.807640075683707],[79.75708007812506,11.563750267028809],[79.85514068603527,10.97764110565197],[79.73190307617193,10.987039566040039],[79.70423126220709,10.918870925903434],[79.85124969482439,10.813771247863826],[79.88291931152344,10.302359580993596],[79.742919921875,10.275137901306152],[79.62985992431646,10.363195419311467],[79.55124664306646,10.312358856201456],[79.73902893066435,10.277359962463436],[79.54514312744146,10.347920417785815],[79.29486083984392,10.260695457458723],[79.2290267944336,10.14431095123291],[79.26736450195312,10.037916183471737],[78.898178100586,9.489031791687012],[79.03430175781267,9.318470954895133],[79.19069671630876,9.281808853149357],[78.83264160156278,9.268760681152457],[78.36541748046892,9.092082023620776],[78.16874694824236,8.882081985473633],[78.15736389160162,8.771528244018555],[78.23013305664057,8.748750686645508],[78.10485839843767,8.651530265808105],[78.06680297851568,8.37041568756132],[77.55097198486345,8.076525688171444],[77.31597137451189,8.12097167968767],[77.0906982421875,8.297361373901367],[77.26515960693371,8.5374498367309],[77.15531921386747,8.737560272216797],[77.2415008544923,8.864782333373967],[77.13217926025396,9.011850357055721],[77.39623260498075,9.496541976928711],[77.3408966064456,9.595050811767521],[77.15187072753935,9.606019973754996],[77.26142120361345,9.963721275329817],[77.18814086914091,10.095651626587028],[77.2804489135745,10.20725154876709],[77.22216033935564,10.340300559997672],[76.9707870483399,10.208650588989258],[76.81967163085938,10.295240402221793],[76.80499267578142,10.626340866088924],[76.87261962890636,10.629431724548454],[76.89750671386736,10.770799636841048],[76.64916229248064,10.924152374267578],[76.79247283935553,11.04237270355236],[76.69117736816412,11.144510269165153],[76.72557830810575,11.208890914917106],[76.45272064209001,11.180210113525504],[76.53820037841803,11.351590156555176],[76.2400970458985,11.459641456604004],[76.22574615478533,11.564439773559798],[76.50421142578142,11.698040962219295],[76.56006622314447,11.610120773315657],[76.83728027343756,11.574480056762695],[76.89968872070318,11.783271789550781],[77.00443267822294,11.803019523620605],[77.10929870605474,11.712800979614258],[77.24173736572294,11.802459716796932],[77.4192504882813,11.75067138671875],[77.48439788818376,11.932399749755916],[77.66471099853521,11.939700126648063],[77.76700592041044,12.109140396118164],[77.46350097656256,12.244039535522461],[77.60633850097662,12.360260009765625],[77.59033966064459,12.657541275024641],[77.73140716552751,12.66397953033453],[77.82559967041016,12.858989715576229],[77.92428588867193,12.877840042114485],[77.9813995361331,12.795640945434798],[78.04673004150396,12.842370033264217],[78.22064971923845,12.752590179443416],[78.18984985351591,12.68130970001232],[78.45478057861357,12.612019538879451],[78.70244598388689,13.056151390075797],[78.8760375976563,13.086159706115836],[78.92463684082048,13.01864147186285],[78.97959136962908,13.076510429382267],[79.15270233154325,13.007292747497615],[79.21832275390653,13.135551452636832],[79.3079376220706,13.09691143035883],[79.42378997802751,13.187460899353027],[79.37460327148455,13.303039550781193],[79.42887878417997,13.32356166839611],[79.5802612304688,13.245370864868221],[79.66853332519531,13.281930923461914],[79.74437713623041,13.194911003112907],[79.72129058837919,13.272239685058821],[79.92550659179693,13.33594036102295],[80.0360412597658,13.484479904175032],[79.98967742919922,13.526760101318416],[80.07582092285168,13.526760101318416]]]]}},{"type":"Feature","properties":{"ID_0":105,"ISO":"IND","NAME_0":"India","ID_1":32,"NAME_1":"Tripura","TYPE_1":"State","ENGTYPE_1":"State"},"geometry":{"type":"Polygon","coordinates":[[[92.18519592285168,24.522872924804688],[92.27308654785162,24.38845062255882],[92.21285247802746,24.24930953979515],[92.32945251464838,24.19115066528326],[92.32198333740263,23.869810104370174],[92.22405242919928,23.65732002258295],[92.17945098876959,23.743181228637695],[92.07257080078142,23.644720077514705],[91.96211242675781,23.727701187133732],[91.97516632080084,23.482442855835018],[91.77091217041021,23.263759613037166],[91.83550262451189,23.093910217285213],[91.61871337890636,22.944150924682674],[91.4190063476563,23.280221939086857],[91.4219970703125,23.059249877929744],[91.35628509521513,23.09518623352062],[91.16043090820307,23.739429473876953],[91.22461700439459,23.740100860595817],[91.28367614746111,23.983102798461914],[91.37819671630871,23.976879119873047],[91.37542724609392,24.107530593872127],[91.59619903564459,24.080209732055664],[91.66752624511724,24.230400085449332],[91.76119995117199,24.141582489013786],[91.74346923828153,24.247127532958984],[91.90262603759783,24.137838363647575],[91.92043304443365,24.335750579834098],[92.1192092895509,24.383810043335018],[92.18519592285168,24.522872924804688]]]}},{"type":"Feature","properties":{"ID_0":105,"ISO":"IND","NAME_0":"India","ID_1":33,"NAME_1":"Uttar Pradesh","VARNAME_1":"United Provinces","TYPE_1":"State","ENGTYPE_1":"State"},"geometry":{"type":"Polygon","coordinates":[[[77.58467864990263,30.4087810516358],[77.93148040771501,30.246959686279354],[77.70201873779314,29.871780395507926],[77.79251861572271,29.681921005249137],[77.95198059082037,29.70536994934082],[77.988021850586,29.545860290527344],[78.33174133300793,29.796180725097884],[78.41256713867193,29.77242088317888],[78.60524749755865,29.56179809570324],[78.92292785644548,29.456180572509993],[78.71385955810547,29.3173503875733],[78.8526229858399,29.261310577392692],[78.90040588378923,29.15061950683588],[79.13080596923828,29.129360198974553],[79.15827941894548,29.022878646850813],[79.35967254638666,28.970479965210075],[79.41121673584001,28.8558807373048],[79.77446746826183,28.891830444335938],[79.78336334228521,28.805419921875],[79.85404968261713,28.844289779663086],[79.96782684326178,28.715620040893782],[80.11980438232439,28.828729629516772],[80.51934051513666,28.551723480224837],[80.50518798828153,28.665225982666072],[80.57041931152372,28.6878032684329],[81.21241760253935,28.360515594482592],[81.3197860717774,28.13341903686546],[81.44570922851591,28.162139892578352],[81.88684844970714,27.857158660888615],[82.06971740722662,27.923416137695597],[82.45071411132807,27.678615570068473],[82.7099151611331,27.721698760986442],[82.73700714111322,27.503101348877237],[83.1902160644533,27.454015731811523],[83.31960296630865,27.329988479614485],[83.3909301757813,27.47949028015165],[83.61673736572283,27.46942329406761],[83.91668701171903,27.325330734252987],[84.052001953125,26.89170074462902],[84.24109649658214,26.86243057250988],[84.23398590087896,26.739530563354492],[84.41439819335938,26.62717056274414],[84.08177947998053,26.642860412597656],[84.04776000976562,26.54348945617687],[83.90220642089838,26.51807975769043],[83.9022827148438,26.450250625610295],[84.17135620117188,26.373979568481445],[84.15934753417986,26.245901107788086],[84.01152038574219,26.240682601928825],[84.00302124023443,26.17823028564453],[84.16622924804705,25.991500854492188],[84.52864074707048,25.87774085998541],[84.63059997558622,25.728340148925838],[84.48838806152361,25.67785072326666],[84.33129119873053,25.74457168579096],[84.2855758666995,25.661529541015625],[84.09439086914068,25.72038078308117],[83.83837127685564,25.4368896484375],[83.3358612060548,25.183570861816406],[83.35399627685575,24.870611190795955],[83.54171752929682,24.62455940246582],[83.39301300048828,24.501190185546932],[83.45139312744146,24.36474990844738],[83.18956756591808,23.921100616455192],[82.9388198852539,23.875869750976562],[82.66352844238293,24.123929977417106],[82.76413726806658,24.292430877685604],[82.70716094970709,24.38517951965332],[82.71253204345709,24.55621910095215],[82.80076599121111,24.55268096923851],[82.76278686523455,24.645669937133903],[82.4323120117188,24.706281661987305],[82.40917205810564,24.597829818725813],[82.29393005371088,24.613740921020565],[82.24365997314459,24.775751113891715],[82.17288208007812,24.739570617675838],[82.19596862792974,24.82452964782715],[81.95915222167997,24.830610275268498],[81.89846801757818,25.009620666503906],[81.60434722900396,25.060749053955192],[81.56639862060553,25.195749282837028],[81.48372650146501,25.074939727783203],[81.26911926269526,25.167739868164062],[81.21260833740246,24.93452072143549],[81.13244628906256,24.89207077026373],[81.07641601562511,24.95226097106945],[80.80220031738276,24.944459915161133],[80.8780364990235,25.195600509643782],[80.82769775390636,25.110309600830135],[80.69963836669939,25.137149810791016],[80.77593994140625,25.061691284179688],[80.673568725586,25.054170608520735],[80.5945892333985,25.155241012573185],[80.60678100585943,25.07217979431158],[80.27849578857439,25.021648406982536],[80.42369842529303,25.17414283752464],[80.25586700439459,25.428710937500057],[79.84713745117199,25.240200042724666],[79.8558959960938,25.098501205444393],[79.56552124023455,25.177551269531307],[79.48987579345709,25.082750320434627],[79.39914703369135,25.113460540771484],[79.49040222167974,25.27034950256342],[79.35296630859403,25.265380859375],[79.29473114013678,25.340219497680664],[79.30322265625,25.133329391479492],[79.12917327880865,25.1107692718507],[79.08429718017595,25.19252967834467],[79.02176666259771,25.143190383911133],[79.00496673583984,25.276969909668082],[78.99581146240234,25.195938110351562],[78.87184143066412,25.166000366210938],[78.95285797119158,25.34987068176281],[78.876518249512,25.34445953369152],[78.84175109863287,25.229160308838004],[78.78324890136747,25.297611236572322],[78.97850799560553,25.37601280212408],[78.90322875976591,25.4469375610351],[78.93074035644548,25.55972099304205],[78.82832336425798,25.509981155395508],[78.83426666259771,25.432460784912166],[78.73175048828153,25.500650405883846],[78.81291198730474,25.430427551269588],[78.76438140869135,25.35840034484869],[78.65271759033209,25.444000244140682],[78.42736053466791,25.2886714935305],[78.56858062744146,25.258609771728516],[78.62204742431652,24.964900970458984],[78.78054046630871,24.81497192382824],[78.7494659423831,24.604980468750114],[78.8817214965822,24.63969993591303],[78.96687316894537,24.353660583496094],[78.79168701171892,24.180240631103572],[78.50537109374994,24.39394950866705],[78.40695190429682,24.2770099639892],[78.34243774414091,24.305381774902287],[78.36094665527372,24.38578987121582],[78.21653747558605,24.531642913818473],[78.26847839355463,24.66710090637207],[78.16380310058611,24.85709953308117],[78.32753753662115,24.99955940246582],[78.32776641845732,25.08876991271967],[78.44291687011724,25.128770828247127],[78.29551696777372,25.374799728393555],[78.42933654785162,25.56385993957531],[78.80519104003935,25.624557495117188],[78.74681854248075,25.749090194702205],[78.8619232177735,25.799198150634822],[79.00315093994169,26.081792831421012],[78.9426727294923,26.13914108276373],[79.12658691406244,26.31603050231945],[79.126762390137,26.444810867309798],[78.97962188720709,26.57407951354992],[78.99317932128912,26.684570312500114],[78.71534729003935,26.80021286010765],[78.56584930419922,26.7576904296875],[78.35135650634771,26.87437057495123],[78.20979309082031,26.836090087890625],[78.21589660644531,26.95395088195812],[78.022026062012,26.860870361328125],[77.7533798217774,26.937738418579215],[77.42859649658209,26.770111083984546],[77.4224700927735,26.867019653320312],[77.75501251220697,27.02276039123541],[77.51429748535185,27.070421218872298],[77.67299652099604,27.200361251831225],[77.61411285400408,27.3433895111084],[77.43189239501982,27.399158477783317],[77.31121063232439,27.611690521240234],[77.27577972412115,27.806549072265625],[77.53613281250006,27.9493026733399],[77.46887207031278,28.086011886596737],[77.54120635986322,28.24774169921875],[77.29518890380876,28.561201095580998],[77.32348632812506,28.71587181091337],[77.19444274902338,28.8022918701173],[77.08561706542974,29.600799560546875],[77.18913269042986,29.922042846679744],[77.4144287109375,30.10713005065918],[77.58467864990263,30.4087810516358]]]}},{"type":"Feature","properties":{"ID_0":105,"ISO":"IND","NAME_0":"India","ID_1":34,"NAME_1":"Uttaranchal","VARNAME_1":"Uttarakhand","TYPE_1":"State","ENGTYPE_1":"State"},"geometry":{"type":"Polygon","coordinates":[[[79.19477844238287,31.353622436523438],[79.4130859375,31.037551879882926],[79.58724212646501,30.943090438842887],[79.85492706298834,30.978910446167106],[80.22383880615246,30.76409912109392],[80.21573638916033,30.579040527343693],[80.58419036865229,30.487222671509016],[81.0196075439456,30.25295257568382],[80.36972045898443,29.750616073608512],[80.40949249267595,29.594919204711914],[80.24481964111357,29.444505691528548],[80.2990036010745,29.205030441284407],[80.14602661132841,29.103000640869254],[79.98825836181646,28.717018127441463],[79.85404968261713,28.844289779663086],[79.78336334228521,28.805419921875],[79.774467468262,28.891830444335938],[79.41121673584001,28.8558807373048],[79.35967254638666,28.970479965210075],[79.15827941894548,29.022878646850813],[79.13080596923828,29.129360198974553],[78.90040588378923,29.15061950683588],[78.8526229858399,29.261310577392692],[78.71385955810547,29.3173503875733],[78.92292785644548,29.456180572509993],[78.60524749755865,29.56179809570324],[78.47357940673828,29.748470306396598],[78.33174133300793,29.796180725097884],[77.988021850586,29.545860290527344],[77.95198059082037,29.70536994934082],[77.79251861572271,29.681921005249137],[77.70201873779314,29.871780395507926],[77.93148040771501,30.246959686279354],[77.56288146972662,30.417079925537166],[77.81064605712896,30.533180236816634],[77.68828582763689,30.76866912841797],[77.88748931884771,31.154701232910156],[78.35632324218756,31.290870666503906],[78.47010803222673,31.203750610351562],[78.79503631591808,31.205039978027344],[78.94211578369169,31.105028152465877],[78.99669647216791,31.117589950561637],[78.9231033325197,31.325389862060774],[79.0451965332033,31.468120574951286],[79.19477844238287,31.353622436523438]]]}},{"type":"Feature","properties":{"ID_0":105,"ISO":"IND","NAME_0":"India","ID_1":35,"NAME_1":"West Bengal","VARNAME_1":"Bangla|Bengala Occidentale|Bengala Ocidental|Bengale occidental","TYPE_1":"State","ENGTYPE_1":"State"},"geometry":{"type":"MultiPolygon","coordinates":[[[[88.2209091186524,21.762149810791072],[88.31027984619135,21.67638969421415],[88.29166412353521,21.56305313110363],[88.21639251709013,21.61638832092291],[88.2209091186524,21.762149810791072]]],[[[88.83167266845709,21.76610946655296],[88.84583282470732,21.62000083923357],[88.7625122070312,21.70137023925787],[88.83167266845709,21.76610946655296]]],[[[88.99967193603521,21.78546905517601],[89.00428009033209,21.71607208251976],[88.95111083984403,21.757778167724894],[88.99967193603521,21.78546905517601]]],[[[88.33113098144548,21.86068725585966],[88.37996673583984,21.78726959228527],[88.31710052490263,21.708909988403605],[88.2597732543947,21.804206848144588],[88.33113098144548,21.86068725585966]]],[[[88.85610961914074,21.8652801513673],[88.91333007812511,21.72777938842796],[88.8349990844726,21.78166770935087],[88.85610961914074,21.8652801513673]]],[[[88.13694763183611,21.875000000000114],[88.10916900634771,21.62583351135254],[88.03666687011724,21.675001144409237],[88.13694763183611,21.875000000000114]]],[[[88.97905731201189,21.893489837646484],[89.02999114990234,21.834529876709155],[88.97049713134771,21.77509117126465],[88.97905731201189,21.893489837646484]]],[[[88.44647979736328,21.904920578003043],[88.46145629882818,21.789810180664062],[88.39251708984392,21.832601547241495],[88.44647979736328,21.904920578003043]]],[[[88.8365554809572,21.917892456054744],[88.97666931152372,21.867500305175838],[88.88804626464861,21.81222152709961],[88.8365554809572,21.917892456054744]]],[[[88.81276702880865,22.01944160461437],[88.90249633789091,22.01166915893566],[88.90727233886747,21.929536819458065],[88.7525024414063,21.95611190795921],[88.81276702880865,22.01944160461437]]],[[[89.01619720458979,22.05092048645031],[89.05976104736334,21.931970596313477],[88.97447204589861,21.993642807007006],[89.01619720458979,22.05092048645031]]],[[[88.86514282226562,22.16699028015148],[88.91574859619146,22.090299606323356],[88.83069610595709,22.127080917358455],[88.86514282226562,22.16699028015148]]],[[[88.94996643066435,22.189191818237305],[88.92394256591797,22.02420234680187],[88.96363830566412,22.05699157714838],[89.01257324218744,21.901994705200366],[88.91271972656256,21.994359970092887],[88.8939361572265,22.16969871521013],[88.94996643066435,22.189191818237305]]],[[[89.00193023681658,22.199171066284237],[89.05047607421903,22.13063240051281],[88.9779129028322,22.039922714233683],[89.00193023681658,22.199171066284237]]],[[[88.69519042968744,22.20861244201666],[88.78916931152372,22.16944885253929],[88.68305206298834,22.08083152770996],[88.72104644775396,22.005300521850586],[88.6341857910158,22.10621070861845],[88.69519042968744,22.20861244201666]]],[[[88.81259918212896,22.28339195251465],[88.83405303955078,22.166852951049805],[88.7472457885745,22.198629379272575],[88.81259918212896,22.28339195251465]]],[[[88.84986114501982,22.36291694641119],[88.93692779541021,22.29911231994646],[88.91387176513678,22.219903945922965],[88.8433303833009,22.289720535278434],[88.91860961914068,22.16534996032715],[88.87583923339861,22.252803802490405],[88.88108062744146,22.200164794921932],[88.80055999755865,22.22584152221708],[88.84986114501982,22.36291694641119]]],[[[88.98475646972673,22.382432937622013],[89.06218719482439,22.12842941284174],[88.94721984863287,22.25555992126465],[88.98475646972673,22.382432937622013]]],[[[88.89769744873075,22.548860549926985],[88.8980560302735,22.366666793823356],[88.84361267089861,22.50679969787592],[88.89769744873075,22.548860549926985]]],[[[88.92016601562506,22.565305709838867],[88.9986114501956,22.430292129516715],[88.941947937012,22.30988121032732],[88.92016601562506,22.565305709838867]]],[[[88.12690734863287,27.12308120727539],[88.43194580078153,27.081609725952205],[88.59147644042986,27.194459915161246],[88.80004882812528,27.136819839477596],[88.86991882324219,27.108720779418945],[88.874984741211,26.95154571533226],[89.02491760253918,26.940271377563477],[89.13107299804705,26.80806922912592],[89.37716674804693,26.86629104614252],[89.6447372436524,26.78094482421875],[89.63217926025396,26.719249725341797],[89.85694122314482,26.703781127929915],[89.86949920654325,26.44841957092291],[89.71568298339844,26.301980972290096],[89.73375701904297,26.173370361328182],[89.63758087158232,26.227678298950195],[89.59665679931658,26.100891113281307],[89.6523513793947,26.062231063842773],[89.55449676513689,25.964620590210018],[89.16723632812528,26.133840560913143],[89.09353637695318,26.39923286438011],[88.96434020996111,26.463132858276367],[88.91989135742188,26.369939804077205],[89.06970214843756,26.255332946777344],[88.8883514404298,26.291570663452205],[88.84678649902372,26.234270095825252],[88.62069702148443,26.471069335937557],[88.43540954589838,26.546819686889762],[88.41535186767607,26.63412284851097],[88.37754058837896,26.59350967407238],[88.33436584472673,26.478679656982536],[88.48324584960966,26.461109161377067],[88.52482604980497,26.359838485718],[88.18044281005876,26.145692825317383],[88.18711090087908,26.02406120300293],[88.08676147460938,25.912500381469783],[88.11714172363287,25.796659469604606],[88.26992797851568,25.80813980102539],[88.54292297363293,25.506620407104492],[88.81038665771479,25.519750595092717],[88.84365844726568,25.362409591674805],[89.0112533569336,25.292381286621207],[88.92302703857428,25.167129516601506],[88.4458465576173,25.196289062500114],[88.4014968872072,24.945690155029524],[88.3251495361331,24.865890502929744],[88.2279663085938,24.959430694580135],[88.13968658447271,24.936128616333065],[88.17560577392607,24.86098289489746],[88.01056671142584,24.666660308837947],[88.33300781250017,24.383190155029524],[88.73468780517578,24.27523994445812],[88.6946868896485,24.113399505615178],[88.77098846435553,23.984781265258903],[88.57598114013666,23.859750747680664],[88.56167602539057,23.642070770263786],[88.7985076904298,23.494890213012752],[88.72035980224604,23.25266265869152],[88.99469757080095,23.212360382080192],[88.84673309326178,23.00243186950678],[88.96752929687528,22.84262847900385],[88.94728088378918,22.659851074218807],[88.80577087402372,22.733200073242188],[88.95771026611334,22.610780715942383],[88.85244750976568,22.432832717895508],[88.67740631103544,22.593498229980582],[88.87628936767584,22.35531044006376],[88.73361206054693,22.195554733276424],[88.63504028320318,22.21640014648466],[88.6661224365235,22.33904075622553],[88.6192855834961,22.108840942382926],[88.57274627685547,22.189100265503043],[88.60666656494169,21.91305732727068],[88.54624938964861,21.973489761352653],[88.570541381836,21.903608322143498],[88.49426269531256,21.879091262817326],[88.55461883544916,22.03570938110363],[88.47355651855463,21.895341873168945],[88.46089172363287,22.011579513549975],[88.40866851806669,21.885330200195256],[88.3758163452149,21.9697208404541],[88.39067077636724,21.798980712890625],[88.35645294189453,21.924310684204272],[88.35317993164091,21.856924057006836],[88.26638793945341,21.88361167907715],[88.2720031738283,21.730480194091854],[88.16333007812506,21.87944412231451],[88.2030563354495,22.166940689086914],[88.06972503662138,22.211944580078125],[88.10500335693388,22.304698944091797],[88.04915618896513,22.220001220703182],[87.98486328125028,22.245700836181754],[87.88376617431669,22.44158935546875],[87.9400024414063,22.260278701782454],[88.18888854980474,22.099166870117358],[88.06223297119146,22.01305961608898],[87.96335601806658,22.1034774780274],[88.05305480957037,22.01027870178234],[87.92916870117216,21.80055618286127],[87.48203277587896,21.608703613281307],[87.44367218017584,21.760889053344727],[87.26242065429705,21.81385993957514],[87.234848022461,21.954380035400447],[87.03024291992216,21.865310668945256],[87.01761627197277,22.041280746460075],[86.71544647216803,22.14349174499523],[86.88623046875028,22.29412078857422],[86.762260437012,22.425231933593807],[86.75994110107433,22.572429656982536],[86.65170288085955,22.57579040527338],[86.61786651611357,22.673389434814453],[86.41615295410173,22.776508331298942],[86.43282318115246,22.923402786254883],[86.540283203125,22.987230300903434],[86.20642852783214,22.994070053100586],[86.03692626953125,23.143610000610465],[85.9149932861331,23.129529953002987],[85.82636260986328,23.26312065124523],[85.86602783203125,23.47023010253912],[86.04722595214844,23.493642807006893],[86.03737640380865,23.58345985412609],[86.30000305175781,23.420061111450195],[86.43988037109386,23.62961006164562],[86.79203796386713,23.687370300293082],[86.79283905029314,23.83138084411621],[87.242729187012,23.826160430908146],[87.29454803466803,23.898571014404354],[87.2379760742187,24.04121971130371],[87.4579696655274,23.981420516967887],[87.49359893798845,24.115209579467773],[87.69248199462919,24.15447044372553],[87.63571166992205,24.242530822753963],[87.81002044677751,24.406620025634766],[87.76940917968767,24.581760406494368],[87.90997314453142,24.593868255615178],[87.90083312988298,24.72159957885748],[87.81806182861328,24.765981674194336],[87.97334289550787,24.896482467651367],[87.77266693115234,25.099098205566406],[87.85652160644526,25.277772903442496],[87.759750366211,25.41008949279791],[87.92411041259766,25.535648345947322],[88.07285308837908,25.50390052795433],[88.04862976074236,25.690570831298942],[87.80358123779303,25.92072105407715],[87.84211730957037,26.044481277465877],[88.2919158935548,26.35391044616705],[88.17903900146513,26.490579605102596],[88.23120117187506,26.551982879638672],[88.10504913330072,26.53584861755371],[88.19049835205072,26.77141189575218],[88.13748168945307,26.985267639160156],[87.99417114257818,27.105207443237532],[88.01696777343767,27.21887207031267],[88.12690734863287,27.12308120727539]]]]}}]}